date,month,season,state,boat,boat_size,lat,lon,depth,dist_coast,mesh,effort,bottom,trans,total_catch,species,tl,fl,weight,sex,mat_stage
6/11/2012,11,PRIMAVERA,RIO GRANDE DO NORTE,MATEUS,9.5,-5.597438,-35.101931,22,13.799,40,18362.7,CASCALHO,16,316774,Rhizoprionodon porosus,46.5,38.5,370,M,
6/11/2012,11,PRIMAVERA,RIO GRANDE DO NORTE,MATEUS,9.5,-5.597438,-35.101931,22,13.799,40,18362.7,CASCALHO,16,316774,Rhizoprionodon porosus,53.5,43.5,600,F,
6/11/2012,11,PRIMAVERA,RIO GRANDE DO NORTE,MATEUS,9.5,-5.597438,-35.101931,22,13.799,40,18362.7,CASCALHO,16,316774,Rhizoprionodon porosus,45.5,36.5,380,M,
6/11/2012,11,PRIMAVERA,RIO GRANDE DO NORTE,MATEUS,9.5,-5.597438,-35.101931,22,13.799,40,18362.7,CASCALHO,16,316774,Scomberomorus brasiliensis,64.5,56.5,1180,,
6/11/2012,11,PRIMAVERA,RIO GRANDE DO NORTE,MATEUS,9.5,-5.597438,-35.101931,22,13.799,40,18362.7,CASCALHO,16,316774,Rhizoprionodon porosus,46,37.5,395,M,
26/07/2012,11,INVERNO,RIO GRANDE DO NORTE,SÃO FRANCISCO,7.5,-5.773353,-35.133566,10.9,6.77,40,4222.8,AREIA,5,7225,Scomberomorus brasiliensis,57.5,50.5,1070,M,D
26/07/2012,11,INVERNO,RIO GRANDE DO NORTE,SÃO FRANCISCO,7.5,-5.773353,-35.133566,10.9,6.77,40,4222.8,AREIA,5,7225,Scomberomorus brasiliensis,53.5,46,855,F,D
26/07/2012,11,INVERNO,RIO GRANDE DO NORTE,SÃO FRANCISCO,7.5,-5.763602,-35.135508,10.5,6.72,40,3167.1,AREIA,5,2570,Scomberomorus brasiliensis,48.5,42,615,F,D
26/07/2012,11,INVERNO,RIO GRANDE DO NORTE,SÃO FRANCISCO,7.5,-5.763602,-35.135508,10.5,6.72,40,3167.1,AREIA,5,2570,Scomberomorus brasiliensis,56.5,50,1040,M,D
18/09/2012,9,INVERNO,RIO GRANDE DO NORTE,MONTE ALEGRE,8,-6.362318,-34.927846,19.5,10.51,45,10147.4,PEDRA,7,28240,Rhizoprionodon porosus,55.5,45.5,600,M,
18/09/2012,9,INVERNO,RIO GRANDE DO NORTE,MONTE ALEGRE,8,-6.362318,-34.927846,19.5,10.51,45,10147.4,PEDRA,7,28240,Rhizoprionodon porosus,53,43.5,560,F,
18/09/2012,9,INVERNO,RIO GRANDE DO NORTE,MONTE ALEGRE,8,-6.362318,-34.927846,19.5,10.51,45,10147.4,PEDRA,7,28240,Rhizoprionodon porosus,47.5,38,405,F,
18/09/2012,9,INVERNO,RIO GRANDE DO NORTE,MONTE ALEGRE,8,-6.362318,-34.927846,19.5,10.51,45,10147.4,PEDRA,7,28240,Rhizoprionodon porosus,50,40.5,495,M,
18/09/2012,9,INVERNO,RIO GRANDE DO NORTE,MONTE ALEGRE,8,-6.362318,-34.927846,19.5,10.51,45,10147.4,PEDRA,7,28240,Rhizoprionodon porosus,53,42.2,605,M,
18/09/2012,9,INVERNO,RIO GRANDE DO NORTE,MONTE ALEGRE,8,-6.362318,-34.927846,19.5,10.51,45,10147.4,PEDRA,7,28240,Rhizoprionodon porosus,44,35.5,345,F,
18/09/2012,9,INVERNO,RIO GRANDE DO NORTE,MONTE ALEGRE,8,-6.362318,-34.927846,19.5,10.51,45,10147.4,PEDRA,7,28240,Rhizoprionodon porosus,40.5,32.5,220,M,
18/09/2012,9,INVERNO,RIO GRANDE DO NORTE,MONTE ALEGRE,8,-6.362318,-34.927846,19.5,10.51,45,10147.4,PEDRA,7,28240,Rhizoprionodon porosus,46.5,38.5,265,M,
18/09/2012,9,INVERNO,RIO GRANDE DO NORTE,MONTE ALEGRE,8,-6.362318,-34.927846,19.5,10.51,45,10147.4,PEDRA,7,28240,Rhizoprionodon porosus,44.5,37,345,M,
18/09/2012,9,INVERNO,RIO GRANDE DO NORTE,MONTE ALEGRE,8,-6.362318,-34.927846,19.5,10.51,45,10147.4,PEDRA,7,28240,Rhizoprionodon porosus,47.5,38.5,440,M,
18/09/2012,9,INVERNO,RIO GRANDE DO NORTE,MONTE ALEGRE,8,-6.362318,-34.927846,19.5,10.51,45,10147.4,PEDRA,7,28240,Rhizoprionodon porosus,44.5,36.5,245,F,
18/09/2012,9,INVERNO,RIO GRANDE DO NORTE,MONTE ALEGRE,8,-6.354323,-34.932128,19.5,10.46,45,7249.1,PEDRA,8,34895,Rhizoprionodon porosus,53,42.5,565,M,
18/09/2012,9,INVERNO,RIO GRANDE DO NORTE,MONTE ALEGRE,8,-6.354323,-34.932128,19.5,10.46,45,7249.1,PEDRA,8,34895,Rhizoprionodon porosus,70,58,1510,M,
18/09/2012,9,INVERNO,RIO GRANDE DO NORTE,MONTE ALEGRE,8,-6.354323,-34.932128,19.5,10.46,45,7249.1,PEDRA,8,34895,Rhizoprionodon porosus,44.5,36,370,M,
18/09/2012,9,INVERNO,RIO GRANDE DO NORTE,MONTE ALEGRE,8,-6.354323,-34.932128,19.5,10.46,45,7249.1,PEDRA,8,34895,Rhizoprionodon porosus,44.5,35.5,340,F,
18/09/2012,9,INVERNO,RIO GRANDE DO NORTE,MONTE ALEGRE,8,-6.354323,-34.932128,19.5,10.46,45,7249.1,PEDRA,8,34895,Rhizoprionodon porosus,47,37.5,395,F,
18/09/2012,9,INVERNO,RIO GRANDE DO NORTE,MONTE ALEGRE,8,-6.354323,-34.932128,19.5,10.46,45,7249.1,PEDRA,8,34895,Rhizoprionodon porosus,45,36,340,F,
18/09/2012,9,INVERNO,RIO GRANDE DO NORTE,MONTE ALEGRE,8,-6.354323,-34.932128,19.5,10.46,45,7249.1,PEDRA,8,34895,Rhizoprionodon porosus,48,39,440,M,
18/09/2012,9,INVERNO,RIO GRANDE DO NORTE,MONTE ALEGRE,8,-6.354323,-34.932128,19.5,10.46,45,7249.1,PEDRA,8,34895,Rhizoprionodon porosus,46.5,37.5,380,F,
18/09/2012,9,INVERNO,RIO GRANDE DO NORTE,MONTE ALEGRE,8,-6.354323,-34.932128,19.5,10.46,45,7249.1,PEDRA,8,34895,Scomberomorus brasiliensis,67,59.5,1460,,
18/09/2012,9,INVERNO,RIO GRANDE DO NORTE,MONTE ALEGRE,8,-6.345492,-34.934341,19.5,10.57,45,3186.5,PEDRA,8,73930,Rhizoprionodon porosus,51,41.5,510,F,
27/09/2012,9,INVERNO,RIO GRANDE DO NORTE,,10,-5.190085,-35.258669,16.5,22.72,45,5564.4,CASCALHO,12,23815,Scomberomorus brasiliensis,49,43,635,,
27/09/2012,9,INVERNO,RIO GRANDE DO NORTE,,10,-5.190085,-35.258669,16.5,22.72,45,5564.4,CASCALHO,12,23815,Scomberomorus brasiliensis,43,37.5,400,F,A
27/09/2012,9,INVERNO,RIO GRANDE DO NORTE,,10,-5.190085,-35.258669,16.5,22.72,45,5564.4,CASCALHO,12,23815,Scomberomorus brasiliensis,49,43,690,,
27/09/2012,9,INVERNO,RIO GRANDE DO NORTE,,10,-5.190085,-35.258669,16.5,22.72,45,5564.4,CASCALHO,12,23815,Scomberomorus brasiliensis,57,50.5,915,M,D
27/09/2012,9,INVERNO,RIO GRANDE DO NORTE,,10,-5.190085,-35.258669,16.5,22.72,45,5564.4,CASCALHO,12,23815,Scomberomorus brasiliensis,51,44.5,660,,
27/09/2012,9,INVERNO,RIO GRANDE DO NORTE,,10,-5.190085,-35.258669,16.5,22.72,45,5564.4,CASCALHO,12,23815,Scomberomorus brasiliensis,53,47.5,800,M,D
27/09/2012,9,INVERNO,RIO GRANDE DO NORTE,,10,-5.182992,-35.264905,15.5,22.33,45,2654.7,CASCALHO,10,20400,Scomberomorus brasiliensis,48.5,43,630,M,D
27/09/2012,9,INVERNO,RIO GRANDE DO NORTE,,10,-5.182992,-35.264905,15.5,22.33,45,2654.7,CASCALHO,10,20400,Scomberomorus brasiliensis,66.5,58.5,1525,M,D
27/09/2012,9,INVERNO,RIO GRANDE DO NORTE,,10,-5.182992,-35.264905,15.5,22.33,45,2654.7,CASCALHO,10,20400,Scomberomorus brasiliensis,53,47,860,M,D
27/09/2012,9,INVERNO,RIO GRANDE DO NORTE,,10,-5.182992,-35.264905,15.5,22.33,45,2654.7,CASCALHO,10,20400,Scomberomorus brasiliensis,49.5,43.5,560,M,D
27/09/2012,9,INVERNO,RIO GRANDE DO NORTE,,10,-5.182992,-35.264905,15.5,22.33,45,2654.7,CASCALHO,10,20400,Scomberomorus brasiliensis,49,42,575,,
27/09/2012,9,INVERNO,RIO GRANDE DO NORTE,,10,-5.182992,-35.264905,15.5,22.33,45,2654.7,CASCALHO,10,20400,Scomberomorus brasiliensis,44.5,39,475,,
29/01/2013,1,VERÃO,RIO GRANDE DO NORTE,MATEUS,9.5,-5.872186,-34.967177,53.5,23.27,80,11195,PEDRA,24,5685,Rhizoprionodon porosus,81,66.5,1920,F,
29/01/2013,1,VERÃO,RIO GRANDE DO NORTE,MATEUS,9.5,-5.869362,-34.974056,48.5,22.62,40,14069.9,PEDRA,20,143778.5,Rhizoprionodon porosus,82,68.5,2000,M,
29/01/2013,1,VERÃO,RIO GRANDE DO NORTE,MATEUS,9.5,-5.869362,-34.974056,48.5,22.62,40,14069.9,PEDRA,20,143778.5,Rhizoprionodon porosus,88.5,73,2770,,
29/01/2013,1,VERÃO,RIO GRANDE DO NORTE,MATEUS,9.5,-5.869362,-34.974056,48.5,22.62,40,14069.9,PEDRA,20,143778.5,Rhizoprionodon porosus,80.5,77,2100,,
29/01/2013,1,VERÃO,RIO GRANDE DO NORTE,MATEUS,9.5,-5.869362,-34.974056,48.5,22.62,40,14069.9,PEDRA,20,143778.5,Rhizoprionodon porosus,90.5,77,3535,F,
7/2/2013,2,VERÃO,RIO GRANDE DO NORTE,MATEUS,9.5,-5.679359,-35.146415,14,7.72,40,17194.5,CASCALHO,7,57490,Scomberomorus brasiliensis,46.5,41,590,,
7/2/2013,2,VERÃO,RIO GRANDE DO NORTE,MATEUS,9.5,-5.679359,-35.146415,14,7.72,40,17194.5,CASCALHO,7,57490,Scomberomorus brasiliensis,50.5,44.5,710,,
7/2/2013,2,VERÃO,RIO GRANDE DO NORTE,MATEUS,9.5,-5.679359,-35.146415,14,7.72,40,17194.5,CASCALHO,7,57490,Scomberomorus brasiliensis,48.5,42.5,650,,
7/2/2013,2,VERÃO,RIO GRANDE DO NORTE,MATEUS,9.5,-5.679359,-35.146415,14,7.72,40,17194.5,CASCALHO,7,57490,Scomberomorus brasiliensis,53,47.5,955,,
13/03/2013,3,VERÃO,RIO GRANDE DO NORTE,DEUS É PAI II,10,-4.810733,-36.764079,13.5,20.33,45,16279.9,PEDRA,1.5,181325,Rhizoprionodon porosus,51,41,565,,
13/03/2013,3,VERÃO,RIO GRANDE DO NORTE,DEUS É PAI II,10,-4.810733,-36.764079,13.5,20.33,45,16279.9,PEDRA,1.5,181325,Rhizoprionodon porosus,45,37,440,,
19/03/2013,3,VERÃO,RIO GRANDE DO NORTE,RUSSARIO,8.4,-5.64657,-35150236,14.25,7.5,45,6356.6,CASCALHO,9,12080,Scomberomorus brasiliensis,48.5,42.5,610,,
19/03/2013,3,VERÃO,RIO GRANDE DO NORTE,RUSSARIO,8.4,-5.64657,-35150236,14.25,7.5,45,6356.6,CASCALHO,9,12080,Scomberomorus brasiliensis,51,45,695,,
19/03/2013,3,VERÃO,RIO GRANDE DO NORTE,RUSSARIO,8.4,-5.64657,-35150236,14.25,7.5,45,6356.6,CASCALHO,9,12080,Scomberomorus brasiliensis,56,49.5,895,,
19/03/2013,3,VERÃO,RIO GRANDE DO NORTE,RUSSARIO,8.4,-5.64657,-35150236,14.25,7.5,45,6356.6,CASCALHO,9,12080,Scomberomorus brasiliensis,60,52.5,1200,,
19/03/2013,3,VERÃO,RIO GRANDE DO NORTE,RUSSARIO,8.4,-5.64657,-35150236,14.25,7.5,45,6356.6,CASCALHO,9,12080,Scomberomorus brasiliensis,53,46.5,755,,
19/03/2013,3,VERÃO,RIO GRANDE DO NORTE,RUSSARIO,8.4,-5.64657,-35150236,14.25,7.5,45,6356.6,CASCALHO,9,12080,Scomberomorus brasiliensis,50,43,605,,
19/03/2013,3,VERÃO,RIO GRANDE DO NORTE,RUSSARIO,8.4,-5.64657,-35150236,14.25,7.5,45,6356.6,CASCALHO,9,12080,Scomberomorus brasiliensis,53,45.5,750,,
19/03/2013,3,VERÃO,RIO GRANDE DO NORTE,RUSSARIO,8.4,-5.64657,-35150236,14.25,7.5,45,6356.6,CASCALHO,9,12080,Scomberomorus brasiliensis,51,44.5,640,,
19/03/2013,3,VERÃO,RIO GRANDE DO NORTE,RUSSARIO,8.4,-5.645803,-35.158411,12.95,6.6,45,4217,CASCALHO,7,11090,Scomberomorus brasiliensis,51,45,665,,
19/03/2013,3,VERÃO,RIO GRANDE DO NORTE,RUSSARIO,8.4,-5.645803,-35.158411,12.95,6.6,45,4217,CASCALHO,7,11090,Scomberomorus brasiliensis,51.5,44.5,765,,
19/03/2013,3,VERÃO,RIO GRANDE DO NORTE,RUSSARIO,8.4,-5.645803,-35.158411,12.95,6.6,45,4217,CASCALHO,7,11090,Scomberomorus brasiliensis,54,46,700,,
19/03/2013,3,VERÃO,RIO GRANDE DO NORTE,RUSSARIO,8.4,-5.645803,-35.158411,12.95,6.6,45,4217,CASCALHO,7,11090,Scomberomorus brasiliensis,50.5,44,700,,
19/03/2013,3,VERÃO,RIO GRANDE DO NORTE,RUSSARIO,8.4,-5.645803,-35.158411,12.95,6.6,45,4217,CASCALHO,7,11090,Scomberomorus brasiliensis,46.5,40.5,515,,
19/03/2013,3,VERÃO,RIO GRANDE DO NORTE,RUSSARIO,8.4,-5.645803,-35.158411,12.95,6.6,45,4217,CASCALHO,7,11090,Scomberomorus brasiliensis,57.5,50.5,1000,,
19/03/2013,3,VERÃO,RIO GRANDE DO NORTE,RUSSARIO,8.4,-5.645803,-35.158411,12.95,6.6,45,4217,CASCALHO,7,11090,Scomberomorus brasiliensis,53,46,710,,
19/03/2013,3,VERÃO,RIO GRANDE DO NORTE,RUSSARIO,8.4,-5.644795,-35.165109,12.1,5.83,45,1749.3,CASCALHO,6,2580,Scomberomorus brasiliensis,50.5,44,695,,
20/03/2013,3,VERÃO,RIO GRANDE DO NORTE,RUSSARIO,8.4,-5.622171,-35.1499,16,8.39,45,6113.88,CASCALHO,8,6315,Scomberomorus brasiliensis,45.5,40,485,,
20/03/2013,3,VERÃO,RIO GRANDE DO NORTE,RUSSARIO,8.4,-5.622171,-35.1499,16,8.39,45,6113.88,CASCALHO,8,6315,Scomberomorus brasiliensis,47,41,495,,
20/03/2013,3,VERÃO,RIO GRANDE DO NORTE,RUSSARIO,8.4,-5.559635,-35.070995,22.3,19.13,45,7719.4,PEDRA,12,102807,Rhizoprionodon porosus,79,64.5,1985,M,
20/03/2013,3,VERÃO,RIO GRANDE DO NORTE,RUSSARIO,8.4,-5.559635,-35.070995,22.3,19.13,45,7719.4,PEDRA,12,102807,Rhizoprionodon porosus,88,74,2915,M,
20/03/2013,3,VERÃO,RIO GRANDE DO NORTE,RUSSARIO,8.4,-5.559635,-35.070995,22.3,19.13,45,7719.4,PEDRA,12,102807,Rhizoprionodon porosus,101,86,5330,F,
20/03/2013,3,VERÃO,RIO GRANDE DO NORTE,RUSSARIO,8.4,-5.559635,-35.070995,22.3,19.13,45,7719.4,PEDRA,12,102807,Rhizoprionodon porosus,87,72,3230,M,
20/03/2013,3,VERÃO,RIO GRANDE DO NORTE,RUSSARIO,8.4,-5.559635,-35.070995,22.3,19.13,45,7719.4,PEDRA,12,102807,Rhizoprionodon porosus,84.5,72,2800,M,
20/03/2013,3,VERÃO,RIO GRANDE DO NORTE,LAURENTINO,10,-4.904045,-36.554808,14,20.309,45,15708,PEDRA,5,106866,Scomberomorus brasiliensis,59,51,1000,,
20/03/2013,3,VERÃO,RIO GRANDE DO NORTE,LAURENTINO,10,-4.904045,-36.554808,14,20.309,45,15708,PEDRA,5,106866,Rhizoprionodon porosus,54,44,690,,
20/03/2013,3,VERÃO,RIO GRANDE DO NORTE,LAURENTINO,10,-4.904045,-36.554808,14,20.309,45,15708,PEDRA,5,106866,Rhizoprionodon porosus,50,41,568,,
20/03/2013,3,VERÃO,RIO GRANDE DO NORTE,LAURENTINO,10,-4.904045,-36.554808,14,20.309,45,15708,PEDRA,5,106866,Rhizoprionodon porosus,53,43.5,657,,
20/03/2013,3,VERÃO,RIO GRANDE DO NORTE,LAURENTINO,10,-4.904045,-36.554808,14,20.309,45,15708,PEDRA,5,106866,Scomberomorus brasiliensis,53.5,46.5,774,,
20/03/2013,3,VERÃO,RIO GRANDE DO NORTE,LAURENTINO,10,-4.904045,-36.554808,14,20.309,45,15708,PEDRA,5,106866,Scomberomorus brasiliensis,47.5,41,663,,
20/03/2013,3,VERÃO,RIO GRANDE DO NORTE,LAURENTINO,10,-4.904045,-36.554808,14,20.309,45,15708,PEDRA,5,106866,Scomberomorus brasiliensis,53,45,701,,
20/03/2013,3,VERÃO,RIO GRANDE DO NORTE,LAURENTINO,10,-4.904045,-36.554808,14,20.309,45,15708,PEDRA,5,106866,Scomberomorus brasiliensis,55,47,878,,
21/03/2013,3,VERÃO,RIO GRANDE DO NORTE,PAULO RICARDO,10,-4.835567,-36.657406,21.5,27.896,60,13919.6,LAMA,10,9761,Scomberomorus brasiliensis,61,52,583,,
21/03/2013,3,VERÃO,RIO GRANDE DO NORTE,PAULO RICARDO,10,-4.835567,-36.657406,21.5,27.896,60,13919.6,LAMA,10,9761,Scomberomorus brasiliensis,48,43,309,,
21/03/2013,3,VERÃO,RIO GRANDE DO NORTE,PAULO RICARDO,10,-4.835567,-36.657406,21.5,27.896,60,13919.6,LAMA,10,9761,Scomberomorus brasiliensis,53,48,517,,
21/03/2013,3,VERÃO,RIO GRANDE DO NORTE,PAULO RICARDO,10,-4.835567,-36.657406,21.5,27.896,60,13919.6,LAMA,10,9761,Scomberomorus brasiliensis,54,47.5,397,,
22/03/2013,3,VERÃO,RIO GRANDE DO NORTE,PAULO RICARDO,10,-4.932083,-36.644326,14.5,17.483,60,16449.5,PEDRA,5,54626,Scomberomorus brasiliensis,53.6,51.5,651,,
4/4/2013,4,OUTONO,RIO GRANDE DO NORTE,PAULO RICARDO I,10,"-516,472","-3,502,599",52.7,41,45,7568.9,CASCALHO,21,131581,Rhizoprionodon porosus,80.5,67,2030,,
4/4/2013,4,OUTONO,RIO GRANDE DO NORTE,PAULO RICARDO I,10,"-516,472","-3,502,599",52.7,41,45,7568.9,CASCALHO,21,131581,Rhizoprionodon porosus,80,70,2850,,
4/4/2013,4,OUTONO,RIO GRANDE DO NORTE,PAULO RICARDO I,10,"-516,472","-3,502,599",52.7,41,45,7568.9,CASCALHO,21,131581,Rhizoprionodon porosus,70.5,58,1430,,
4/4/2013,4,OUTONO,RIO GRANDE DO NORTE,PAULO RICARDO I,10,"-516,472","-3,502,599",52.7,41,45,7568.9,CASCALHO,21,131581,Rhizoprionodon porosus,76.5,61,2000,,
4/4/2013,4,OUTONO,RIO GRANDE DO NORTE,PAULO RICARDO I,10,"-516,472","-3,502,599",52.7,41,45,7568.9,CASCALHO,21,131581,Rhizoprionodon porosus,79,65,2310,,
4/4/2013,4,OUTONO,RIO GRANDE DO NORTE,PAULO RICARDO I,10,"-516,472","-3,502,599",52.7,41,45,7568.9,CASCALHO,21,131581,Rhizoprionodon porosus,68,54,1210,,
4/4/2013,4,OUTONO,RIO GRANDE DO NORTE,PAULO RICARDO I,10,"-516,472","-3,502,599",52.7,41,45,7568.9,CASCALHO,21,131581,Rhizoprionodon porosus,90,73,3100,,
4/4/2013,4,OUTONO,RIO GRANDE DO NORTE,PAULO RICARDO I,10,"-516,472","-3,502,599",52.7,41,45,7568.9,CASCALHO,21,131581,Rhizoprionodon porosus,84,71,2640,,
4/4/2013,4,OUTONO,RIO GRANDE DO NORTE,PAULO RICARDO I,10,"-516,472","-3,502,599",52.7,41,45,7568.9,CASCALHO,21,131581,Rhizoprionodon porosus,74,60,1840,,
4/4/2013,4,OUTONO,RIO GRANDE DO NORTE,PAULO RICARDO I,10,"-516,472","-3,502,599",52.7,41,45,7568.9,CASCALHO,21,131581,Rhizoprionodon porosus,85.5,70.5,2570,,
4/4/2013,4,OUTONO,RIO GRANDE DO NORTE,PAULO RICARDO I,10,"-516,472","-3,502,599",52.7,41,45,7568.9,CASCALHO,21,131581,Rhizoprionodon porosus,76,62,1940,,
4/4/2013,4,OUTONO,RIO GRANDE DO NORTE,PAULO RICARDO I,10,"-516,472","-3,502,599",52.7,41,45,7568.9,CASCALHO,21,131581,Rhizoprionodon porosus,75,64,2445,,
4/4/2013,4,OUTONO,RIO GRANDE DO NORTE,PAULO RICARDO I,10,"-516,472","-3,502,599",52.7,41,45,7568.9,CASCALHO,21,131581,Rhizoprionodon porosus,67,54,1250,,
4/4/2013,4,OUTONO,RIO GRANDE DO NORTE,PAULO RICARDO I,10,"-516,472","-3,502,599",52.7,41,45,7568.9,CASCALHO,21,131581,Rhizoprionodon porosus,78,64,2000,,
4/4/2013,4,OUTONO,RIO GRANDE DO NORTE,PAULO RICARDO I,10,"-516,472","-3,502,599",52.7,41,45,7568.9,CASCALHO,21,131581,Rhizoprionodon porosus,75.5,70.5,1935,,
4/4/2013,4,OUTONO,RIO GRANDE DO NORTE,PAULO RICARDO I,10,"-516,472","-3,502,599",52.7,41,45,7568.9,CASCALHO,21,131581,Rhizoprionodon porosus,70,58.5,1350,,
4/4/2013,4,OUTONO,RIO GRANDE DO NORTE,PAULO RICARDO I,10,"-516,472","-3,502,599",52.7,41,45,7568.9,CASCALHO,21,131581,Rhizoprionodon porosus,86,73.5,2940,,
4/4/2013,4,OUTONO,RIO GRANDE DO NORTE,PAULO RICARDO I,10,"-516,472","-3,502,599",52.7,41,45,7568.9,CASCALHO,21,131581,Rhizoprionodon porosus,71.5,57.5,1400,,
4/4/2013,4,OUTONO,RIO GRANDE DO NORTE,PAULO RICARDO I,10,"-516,472","-3,502,599",52.7,41,45,7568.9,CASCALHO,21,131581,Rhizoprionodon porosus,72.5,58,1480,,
4/4/2013,4,OUTONO,RIO GRANDE DO NORTE,PAULO RICARDO I,10,"-516,472","-3,502,599",52.7,41,45,7568.9,CASCALHO,21,131581,Rhizoprionodon porosus,74,60.5,2000,,
17/04/2013,4,OUTONO,RIO GRANDE DO NORTE,ARABAIANA,10,-4.830143,-36.966719,11.5,10.888,50,11823.8,AREIA,5,15270,Scomberomorus brasiliensis,45,40,570,,
18/04/2013,4,OUTONO,RIO GRANDE DO NORTE,MAGNO,10,-4.897401,-36.936842,7.1,4.4,60,18646.3,CASCALHO,2.5,38275,Rhizoprionodon porosus,36.5,29,160,,
24/04/2013,4,OUTONO,RIO GRANDE DO NORTE,SOBERANO,7.5,-6.0566,-35.04076,15.45,6.427,45,55660,LAMA,9,20260,Scomberomorus brasiliensis,51.5,45,750,,
24/04/2013,4,OUTONO,RIO GRANDE DO NORTE,SOBERANO,7.5,-6.0566,-35.04076,15.45,6.427,45,55660,LAMA,9,20260,Rhizoprionodon porosus,59,,770,F,
24/04/2013,4,OUTONO,RIO GRANDE DO NORTE,SOBERANO,7.5,-6.0566,-35.04076,15.45,6.427,45,55660,LAMA,9,20260,Scomberomorus brasiliensis,68,52,1550,,
7/5/2013,5,OUTONO,RIO GRANDE DO NORTE,MATEUS,9.5,-5.951453838,-35.08868214,15.6,6.715,45,14948.5,CURUBA E LAMA,7,59405,Scomberomorus brasiliensis,56.5,50,883,,
7/5/2013,5,OUTONO,RIO GRANDE DO NORTE,MATEUS,9.5,-5.951453838,-35.08868214,15.6,6.715,45,14948.5,CURUBA E LAMA,7,59405,Scomberomorus brasiliensis,56.5,48.5,820,,
7/5/2013,5,OUTONO,RIO GRANDE DO NORTE,MATEUS,9.5,-5.951453838,-35.08868214,15.6,6.715,45,14948.5,CURUBA E LAMA,7,59405,Scomberomorus brasiliensis,46,39.5,511,,
7/5/2013,5,OUTONO,RIO GRANDE DO NORTE,MATEUS,9.5,-5.951453838,-35.08868214,15.6,6.715,45,14948.5,CURUBA E LAMA,7,59405,Scomberomorus brasiliensis,42,36,370,,
8/5/2013,5,OUTONO,RIO GRANDE DO NORTE,DIOGO,9.5,-5.051312,-36.348387,7.35,3.91,45,8577.7,CASCALHO,2,20310,Rhizoprionodon porosus,46.5,37,360,M,
8/5/2013,5,OUTONO,RIO GRANDE DO NORTE,DIOGO,9.5,-5.051312,-36.348387,7.35,3.91,45,8577.7,CASCALHO,2,20310,Rhizoprionodon porosus,43.5,34.5,350,F,
8/5/2013,5,OUTONO,RIO GRANDE DO NORTE,DIOGO,9.5,-5.051312,-36.348387,7.35,3.91,45,8577.7,CASCALHO,2,20310,Rhizoprionodon porosus,45.5,37.5,430,F,
8/5/2013,5,OUTONO,RIO GRANDE DO NORTE,DIOGO,9.5,-5.051312,-36.348387,7.35,3.91,45,8577.7,CASCALHO,2,20310,Rhizoprionodon porosus,51,40.5,530,F,
8/5/2013,5,OUTONO,RIO GRANDE DO NORTE,DIOGO,9.5,-5.051312,-36.348387,7.35,3.91,45,8577.7,CASCALHO,2,20310,Rhizoprionodon porosus,52,41.5,610,M,
8/5/2013,5,OUTONO,RIO GRANDE DO NORTE,DIOGO,9.5,-5.051312,-36.348387,7.35,3.91,45,8577.7,CASCALHO,2,20310,Rhizoprionodon porosus,82,67.5,2220,M,
8/5/2013,5,OUTONO,RIO GRANDE DO NORTE,DIOGO,9.5,-5.061313,-36.347132,5.05,2.79,45,8714.9,AREIA,2,12520,Rhizoprionodon porosus,36,28.5,170,,
8/5/2013,5,OUTONO,RIO GRANDE DO NORTE,MATEUS,9.5,-5.884203566,-35.06121514,15,9.467,40,15013.6,PEDRA E CORUBA,10,60993,Scomberomorus brasiliensis,56,50,797,,
8/5/2013,5,OUTONO,RIO GRANDE DO NORTE,MATEUS,9.5,-5.884203566,-35.06121514,15,9.467,40,15013.6,PEDRA E CORUBA,10,60993,Scomberomorus brasiliensis,51.5,44.5,615,,
8/5/2013,5,OUTONO,RIO GRANDE DO NORTE,MATEUS,9.5,-5.884203566,-35.06121514,15,9.467,40,15013.6,PEDRA E CORUBA,10,60993,Scomberomorus brasiliensis,46,40,433,,
8/5/2013,5,OUTONO,RIO GRANDE DO NORTE,MATEUS,9.5,-5.884203566,-35.06121514,15,9.467,40,15013.6,PEDRA E CORUBA,10,60993,Scomberomorus brasiliensis,46,40,456,,
8/5/2013,5,OUTONO,RIO GRANDE DO NORTE,MATEUS,9.5,-5.884203566,-35.06121514,15,9.467,40,15013.6,PEDRA E CORUBA,10,60993,Scomberomorus brasiliensis,48,41.5,480,,
8/5/2013,5,OUTONO,RIO GRANDE DO NORTE,MATEUS,9.5,-5.884203566,-35.06121514,15,9.467,40,15013.6,PEDRA E CORUBA,10,60993,Scomberomorus brasiliensis,44,38,351,,
8/5/2013,5,OUTONO,RIO GRANDE DO NORTE,MATEUS,9.5,-5.884203566,-35.06121514,15,9.467,40,15013.6,PEDRA E CORUBA,10,60993,Scomberomorus brasiliensis,49,42.5,560,,
8/5/2013,5,OUTONO,RIO GRANDE DO NORTE,MATEUS,9.5,-5.884203566,-35.06121514,15,9.467,40,15013.6,PEDRA E CORUBA,10,60993,Scomberomorus brasiliensis,48.5,42.5,540,,
8/5/2013,5,OUTONO,RIO GRANDE DO NORTE,MATEUS,9.5,-5.884203566,-35.06121514,15,9.467,40,15013.6,PEDRA E CORUBA,10,60993,Scomberomorus brasiliensis,57.5,49,883,,
8/5/2013,5,OUTONO,RIO GRANDE DO NORTE,MATEUS,9.5,-5.884203566,-35.06121514,15,9.467,40,15013.6,PEDRA E CORUBA,10,60993,Scomberomorus brasiliensis,44.5,38.5,390,,
8/5/2013,5,OUTONO,RIO GRANDE DO NORTE,MATEUS,9.5,-5.884203566,-35.06121514,15,9.467,40,15013.6,PEDRA E CORUBA,10,60993,Scomberomorus brasiliensis,49.5,43,552,,
8/5/2013,5,OUTONO,RIO GRANDE DO NORTE,MATEUS,9.5,-5.884203566,-35.06121514,15,9.467,40,15013.6,PEDRA E CORUBA,10,60993,Scomberomorus brasiliensis,42,37,331,,
8/5/2013,5,OUTONO,RIO GRANDE DO NORTE,MATEUS,9.5,-5.884203566,-35.06121514,15,9.467,40,15013.6,PEDRA E CORUBA,10,60993,Scomberomorus brasiliensis,56.5,49,733,,
8/5/2013,5,OUTONO,RIO GRANDE DO NORTE,MATEUS,9.5,-5.884203566,-35.06121514,15,9.467,40,15013.6,PEDRA E CORUBA,10,60993,Scomberomorus brasiliensis,44,38.5,431,,
8/5/2013,5,OUTONO,RIO GRANDE DO NORTE,MATEUS,9.5,-5.884203566,-35.06121514,15,9.467,40,15013.6,PEDRA E CORUBA,10,60993,Scomberomorus brasiliensis,50,44.5,586,,
8/5/2013,5,OUTONO,RIO GRANDE DO NORTE,MATEUS,9.5,-5.884203566,-35.06121514,15,9.467,40,15013.6,PEDRA E CORUBA,10,60993,Scomberomorus brasiliensis,43,37.5,400,,
8/5/2013,5,OUTONO,RIO GRANDE DO NORTE,MATEUS,9.5,-5.884203566,-35.06121514,15,9.467,40,15013.6,PEDRA E CORUBA,10,60993,Scomberomorus brasiliensis,45,39.5,422,,
9/5/2013,5,OUTONO,RIO GRANDE DO NORTE,DIOGO,9.5,-5.068904,-36.271406,8.9,2.32,45,9106.5,LAMA,2,12362,Rhizoprionodon porosus,49.5,40,524,M,
9/5/2013,5,OUTONO,RIO GRANDE DO NORTE,DIOGO,9.5,-5.068904,-36.271406,8.9,2.32,45,9106.5,LAMA,2,12362,Rhizoprionodon porosus,44,35.5,349,M,
23/05/2013,5,OUTONO,RIO GRANDE DO NORTE,VINICIUS,10,-4.976561,-35.841657,12,10.67,40,7196.1,CASCALHO,5,18810,Scomberomorus brasiliensis,51,45,670,,
23/05/2013,5,OUTONO,RIO GRANDE DO NORTE,VINICIUS,10,-4.976561,-35.841657,12,10.67,40,7196.1,CASCALHO,5,18810,Scomberomorus brasiliensis,53,48,840,,
23/05/2013,5,OUTONO,RIO GRANDE DO NORTE,VINICIUS,10,-4.976561,-35.841657,12,10.67,40,7196.1,CASCALHO,5,18810,Scomberomorus brasiliensis,43,37,350,,
23/05/2013,5,OUTONO,RIO GRANDE DO NORTE,VINICIUS,10,-4.976561,-35.841657,12,10.67,40,7196.1,CASCALHO,5,18810,Scomberomorus brasiliensis,42,37,330,,
23/05/2013,5,OUTONO,RIO GRANDE DO NORTE,VINICIUS,10,-4.976561,-35.841657,12,10.67,40,7196.1,CASCALHO,5,18810,Scomberomorus brasiliensis,47.5,40,470,,
23/05/2013,5,OUTONO,RIO GRANDE DO NORTE,VINICIUS,10,-4.976561,-35.841657,12,10.67,40,7196.1,CASCALHO,5,18810,Scomberomorus brasiliensis,45.5,40,460,,
23/05/2013,5,OUTONO,RIO GRANDE DO NORTE,VINICIUS,10,-4.976561,-35.841657,12,10.67,40,7196.1,CASCALHO,5,18810,Scomberomorus brasiliensis,45.5,40.5,530,,
23/05/2013,5,OUTONO,RIO GRANDE DO NORTE,VINICIUS,10,-4.976561,-35.841657,12,10.67,40,7196.1,CASCALHO,5,18810,Scomberomorus brasiliensis,43.5,38,450,,
23/05/2013,5,OUTONO,RIO GRANDE DO NORTE,VINICIUS,10,-4.976561,-35.841657,12,10.67,40,7196.1,CASCALHO,5,18810,Scomberomorus brasiliensis,50.5,43.5,670,,
23/05/2013,5,OUTONO,RIO GRANDE DO NORTE,VINICIUS,10,-4.976561,-35.841657,12,10.67,40,7196.1,CASCALHO,5,18810,Scomberomorus brasiliensis,53,47,740,,
23/05/2013,5,OUTONO,RIO GRANDE DO NORTE,VINICIUS,10,-4.976561,-35.841657,12,10.67,40,7196.1,CASCALHO,5,18810,Scomberomorus brasiliensis,44.5,40.5,510,,
23/05/2013,5,OUTONO,RIO GRANDE DO NORTE,VINICIUS,10,-4.976561,-35.841657,12,10.67,40,7196.1,CASCALHO,5,18810,Scomberomorus brasiliensis,47.5,42.5,640,,
23/05/2013,5,OUTONO,RIO GRANDE DO NORTE,VINICIUS,10,-4.976561,-35.841657,12,10.67,40,7196.1,CASCALHO,5,18810,Scomberomorus brasiliensis,48.5,43.5,740,,
23/05/2013,5,OUTONO,RIO GRANDE DO NORTE,VINICIUS,10,-4.976561,-35.841657,12,10.67,40,7196.1,CASCALHO,5,18810,Scomberomorus brasiliensis,48,42.5,510,,
23/05/2013,5,OUTONO,RIO GRANDE DO NORTE,VINICIUS,10,-4.976561,-35.841657,12,10.67,40,7196.1,CASCALHO,5,18810,Rhizoprionodon porosus,55,45,640,M,
23/05/2013,5,OUTONO,RIO GRANDE DO NORTE,VINICIUS,10,-4.976561,-35.841657,12,10.67,40,7196.1,CASCALHO,5,18810,Rhizoprionodon porosus,41.5,33,380,F,
23/05/2013,5,OUTONO,RIO GRANDE DO NORTE,VINICIUS,10,-4.976561,-35.841657,12,10.67,40,7196.1,CASCALHO,5,18810,Rhizoprionodon porosus,40.5,33.5,330,M,
29/05/2013,5,OUTONO,RIO GRANDE DO NORTE,JOSENILDO,7.9,-6.161121,-34.993747,18.7,9.171,45,3971.8,CASCALHO/PEDRA,9,7670,Scomberomorus brasiliensis,50,48.5,840,,
29/05/2013,5,OUTONO,RIO GRANDE DO NORTE,JOSENILDO,7.9,-6.161121,-34.993747,18.7,9.171,45,3971.8,CASCALHO/PEDRA,9,7670,Scomberomorus brasiliensis,51.5,45,640,,
4/6/2013,6,OUTONO,RIO GRANDE DO NORTE,PAULO RICARDO I,10,-5.263307,-35.26631,12.5,12.29,45,9382,CASCALHO,8,32830,Scomberomorus brasiliensis,44.5,38.5,450,,
4/6/2013,6,OUTONO,RIO GRANDE DO NORTE,PAULO RICARDO I,10,-5.263307,-35.26631,12.5,12.29,45,9382,CASCALHO,8,32830,Scomberomorus brasiliensis,43.5,38.5,420,,
4/6/2013,6,OUTONO,RIO GRANDE DO NORTE,PAULO RICARDO I,10,-5.263307,-35.26631,12.5,12.29,45,9382,CASCALHO,8,32830,Scomberomorus brasiliensis,44.5,38.5,430,,
4/6/2013,6,OUTONO,RIO GRANDE DO NORTE,PAULO RICARDO I,10,-5.263307,-35.26631,12.5,12.29,45,9382,CASCALHO,8,32830,Scomberomorus brasiliensis,55,49.5,950,,
4/6/2013,6,OUTONO,RIO GRANDE DO NORTE,PAULO RICARDO I,10,-5.263307,-35.26631,12.5,12.29,45,9382,CASCALHO,8,32830,Scomberomorus brasiliensis,44,39,440,,
4/6/2013,6,OUTONO,RIO GRANDE DO NORTE,PAULO RICARDO I,10,-5.263307,-35.26631,12.5,12.29,45,9382,CASCALHO,8,32830,Scomberomorus brasiliensis,53,47,800,,
4/6/2013,6,OUTONO,RIO GRANDE DO NORTE,PAULO RICARDO I,10,-5.263307,-35.26631,12.5,12.29,45,9382,CASCALHO,8,32830,Scomberomorus brasiliensis,49,43.5,630,,
4/6/2013,6,OUTONO,RIO GRANDE DO NORTE,PAULO RICARDO I,10,-5.263307,-35.26631,12.5,12.29,45,9382,CASCALHO,8,32830,Scomberomorus brasiliensis,40.5,34.5,400,,
4/6/2013,6,OUTONO,RIO GRANDE DO NORTE,PAULO RICARDO I,10,-5.263307,-35.26631,12.5,12.29,45,9382,CASCALHO,8,32830,Scomberomorus brasiliensis,58.5,52.5,1150,,
4/6/2013,6,OUTONO,RIO GRANDE DO NORTE,PAULO RICARDO I,10,-5.263307,-35.26631,12.5,12.29,45,9382,CASCALHO,8,32830,Scomberomorus brasiliensis,50,44,650,,
4/6/2013,6,OUTONO,RIO GRANDE DO NORTE,PAULO RICARDO I,10,-5.263307,-35.26631,12.5,12.29,45,9382,CASCALHO,8,32830,Scomberomorus brasiliensis,52,45.5,760,,
4/6/2013,6,OUTONO,RIO GRANDE DO NORTE,PAULO RICARDO I,10,-5.263307,-35.26631,12.5,12.29,45,9382,CASCALHO,8,32830,Rhizoprionodon porosus,49.5,39.5,510,F,
4/6/2013,6,OUTONO,RIO GRANDE DO NORTE,PAULO RICARDO I,10,-5.263307,-35.26631,12.5,12.29,45,9382,CASCALHO,8,32830,Scomberomorus brasiliensis,56,49.5,1010,,
4/6/2013,6,OUTONO,RIO GRANDE DO NORTE,PAULO RICARDO I,10,-5.263307,-35.26631,12.5,12.29,45,9382,CASCALHO,8,32830,Scomberomorus brasiliensis,43.5,39.5,500,,
4/6/2013,6,OUTONO,RIO GRANDE DO NORTE,PAULO RICARDO I,10,-5.263307,-35.26631,12.5,12.29,45,9382,CASCALHO,8,32830,Scomberomorus brasiliensis,52,46,770,,
4/6/2013,6,OUTONO,RIO GRANDE DO NORTE,PAULO RICARDO I,10,-5.263307,-35.26631,12.5,12.29,45,9382,CASCALHO,8,32830,Scomberomorus brasiliensis,44,38.5,420,,
4/6/2013,6,OUTONO,RIO GRANDE DO NORTE,PAULO RICARDO I,10,-5.263307,-35.26631,12.5,12.29,45,9382,CASCALHO,8,32830,Scomberomorus brasiliensis,44.5,36,360,,
4/6/2013,6,OUTONO,RIO GRANDE DO NORTE,PAULO RICARDO I,10,-5.263307,-35.26631,12.5,12.29,45,9382,CASCALHO,8,32830,Scomberomorus brasiliensis,54,48.5,860,,
4/6/2013,6,OUTONO,RIO GRANDE DO NORTE,PAULO RICARDO I,10,-5.263307,-35.26631,12.5,12.29,45,9382,CASCALHO,8,32830,Scomberomorus brasiliensis,46,41,530,,
4/6/2013,6,OUTONO,RIO GRANDE DO NORTE,PAULO RICARDO I,10,-5.253308,-35.269985,13.5,12.55,45,3403.7,CASCALHO,8,74779,Scomberomorus brasiliensis,47,42,520,,
4/6/2013,6,OUTONO,RIO GRANDE DO NORTE,PAULO RICARDO I,10,-5.253308,-35.269985,13.5,12.55,45,3403.7,CASCALHO,8,74779,Scomberomorus brasiliensis,64.5,58.5,1640,,
4/6/2013,6,OUTONO,RIO GRANDE DO NORTE,PAULO RICARDO I,10,-5.253308,-35.269985,13.5,12.55,45,3403.7,CASCALHO,8,74779,Scomberomorus brasiliensis,47.5,44,650,,
4/6/2013,6,OUTONO,RIO GRANDE DO NORTE,PAULO RICARDO I,10,-5.253308,-35.269985,13.5,12.55,45,3403.7,CASCALHO,8,74779,Scomberomorus brasiliensis,55,49,950,,
4/6/2013,6,OUTONO,RIO GRANDE DO NORTE,PAULO RICARDO I,10,-5.253308,-35.269985,13.5,12.55,45,3403.7,CASCALHO,8,74779,Scomberomorus brasiliensis,53.5,48,680,,
4/6/2013,6,OUTONO,RIO GRANDE DO NORTE,PAULO RICARDO I,10,-5.253308,-35.269985,13.5,12.55,45,3403.7,CASCALHO,8,74779,Scomberomorus brasiliensis,50.5,45,750,,
4/6/2013,6,OUTONO,RIO GRANDE DO NORTE,PAULO RICARDO I,10,-5.253308,-35.269985,13.5,12.55,45,3403.7,CASCALHO,8,74779,Scomberomorus brasiliensis,45.5,39.5,460,,
4/6/2013,6,OUTONO,RIO GRANDE DO NORTE,PAULO RICARDO I,10,-5.253308,-35.269985,13.5,12.55,45,3403.7,CASCALHO,8,74779,Scomberomorus brasiliensis,51,45,730,,
4/6/2013,6,OUTONO,RIO GRANDE DO NORTE,PAULO RICARDO I,10,-5.253308,-35.269985,13.5,12.55,45,3403.7,CASCALHO,8,74779,Scomberomorus brasiliensis,49,44,690,,
4/6/2013,6,OUTONO,RIO GRANDE DO NORTE,PAULO RICARDO I,10,-5.253308,-35.269985,13.5,12.55,45,3403.7,CASCALHO,8,74779,Scomberomorus brasiliensis,60,53,1310,,
4/6/2013,6,OUTONO,RIO GRANDE DO NORTE,PAULO RICARDO I,10,-5.253308,-35.269985,13.5,12.55,45,3403.7,CASCALHO,8,74779,Scomberomorus brasiliensis,42.5,37,450,,
4/6/2013,6,OUTONO,RIO GRANDE DO NORTE,PAULO RICARDO I,10,-5.253308,-35.269985,13.5,12.55,45,3403.7,CASCALHO,8,74779,Scomberomorus brasiliensis,47.5,42.5,550,,
4/6/2013,6,OUTONO,RIO GRANDE DO NORTE,PAULO RICARDO I,10,-5.253308,-35.269985,13.5,12.55,45,3403.7,CASCALHO,8,74779,Scomberomorus brasiliensis,45.5,39.5,540,,
4/6/2013,6,OUTONO,RIO GRANDE DO NORTE,PAULO RICARDO I,10,-5.253308,-35.269985,13.5,12.55,45,3403.7,CASCALHO,8,74779,Scomberomorus brasiliensis,44.5,38.5,520,,
4/6/2013,6,OUTONO,RIO GRANDE DO NORTE,PAULO RICARDO I,10,-5.253308,-35.269985,13.5,12.55,45,3403.7,CASCALHO,8,74779,Scomberomorus brasiliensis,53,46.5,740,,
4/6/2013,6,OUTONO,RIO GRANDE DO NORTE,PAULO RICARDO I,10,-5.253308,-35.269985,13.5,12.55,45,3403.7,CASCALHO,8,74779,Scomberomorus brasiliensis,42,37.5,500,,
4/6/2013,6,OUTONO,RIO GRANDE DO NORTE,PAULO RICARDO I,10,-5.253308,-35.269985,13.5,12.55,45,3403.7,CASCALHO,8,74779,Scomberomorus brasiliensis,53.5,46,730,,
4/6/2013,6,OUTONO,RIO GRANDE DO NORTE,PAULO RICARDO I,10,-5.253308,-35.269985,13.5,12.55,45,3403.7,CASCALHO,8,74779,Scomberomorus brasiliensis,48,42,530,,
4/6/2013,6,OUTONO,RIO GRANDE DO NORTE,PAULO RICARDO I,10,-5.253308,-35.269985,13.5,12.55,45,3403.7,CASCALHO,8,74779,Scomberomorus brasiliensis,36.5,31.5,290,,
4/6/2013,6,OUTONO,RIO GRANDE DO NORTE,PAULO RICARDO I,10,-5.253308,-35.269985,13.5,12.55,45,3403.7,CASCALHO,8,74779,Scomberomorus brasiliensis,46.5,39.5,650,,
4/6/2013,6,OUTONO,RIO GRANDE DO NORTE,PAULO RICARDO I,10,-5.253308,-35.269985,13.5,12.55,45,3403.7,CASCALHO,8,74779,Scomberomorus brasiliensis,51.5,46.5,750,,
4/6/2013,6,OUTONO,RIO GRANDE DO NORTE,PAULO RICARDO I,10,-5.253308,-35.269985,13.5,12.55,45,3403.7,CASCALHO,8,74779,Scomberomorus brasiliensis,45,39.5,490,,
4/6/2013,6,OUTONO,RIO GRANDE DO NORTE,PAULO RICARDO I,10,-5.253308,-35.269985,13.5,12.55,45,3403.7,CASCALHO,8,74779,Scomberomorus brasiliensis,49.5,44,700,,
4/6/2013,6,OUTONO,RIO GRANDE DO NORTE,PAULO RICARDO I,10,-5.253308,-35.269985,13.5,12.55,45,3403.7,CASCALHO,8,74779,Scomberomorus brasiliensis,48.5,42.5,560,,
4/6/2013,6,OUTONO,RIO GRANDE DO NORTE,PAULO RICARDO I,10,-5.253308,-35.269985,13.5,12.55,45,3403.7,CASCALHO,8,74779,Scomberomorus brasiliensis,45.5,38,490,,
4/6/2013,6,OUTONO,RIO GRANDE DO NORTE,PAULO RICARDO I,10,-5.253308,-35.269985,13.5,12.55,45,3403.7,CASCALHO,8,74779,Scomberomorus brasiliensis,52,45.5,710,,
4/6/2013,6,OUTONO,RIO GRANDE DO NORTE,PAULO RICARDO I,10,-5.253308,-35.269985,13.5,12.55,45,3403.7,CASCALHO,8,74779,Scomberomorus brasiliensis,46,39.5,580,,
5/6/2013,6,OUTONO,RIO GRANDE DO NORTE,PAULO RICARDO I,10,-5.240897,-35.295787,13.5,9.71,45,5784.4,CASCALHO,8,14000,Scomberomorus brasiliensis,46,41.5,520,,
5/6/2013,6,OUTONO,RIO GRANDE DO NORTE,PAULO RICARDO I,10,-5.240897,-35.295787,13.5,9.71,45,5784.4,CASCALHO,8,14000,Scomberomorus brasiliensis,51,46,670,,
5/6/2013,6,OUTONO,RIO GRANDE DO NORTE,PAULO RICARDO I,10,-5.240897,-35.295787,13.5,9.71,45,5784.4,CASCALHO,8,14000,Scomberomorus brasiliensis,52.5,45,670,,
5/6/2013,6,OUTONO,RIO GRANDE DO NORTE,PAULO RICARDO I,10,-5.240897,-35.295787,13.5,9.71,45,5784.4,CASCALHO,8,14000,Scomberomorus brasiliensis,53.5,47.5,750,,
5/6/2013,6,OUTONO,RIO GRANDE DO NORTE,PAULO RICARDO I,10,-5.240897,-35.295787,13.5,9.71,45,5784.4,CASCALHO,8,14000,Scomberomorus brasiliensis,40.5,35.5,390,,
5/6/2013,6,OUTONO,RIO GRANDE DO NORTE,PAULO RICARDO I,10,-5.236981,-35.306481,13.5,9.25,45,5182.5,CASCALHO,6.5,10460,Scomberomorus brasiliensis,42,36,380,,
5/6/2013,6,OUTONO,RIO GRANDE DO NORTE,PAULO RICARDO I,10,-5.236981,-35.306481,13.5,9.25,45,5182.5,CASCALHO,6.5,10460,Scomberomorus brasiliensis,52.5,46.5,790,,
5/6/2013,6,OUTONO,RIO GRANDE DO NORTE,PAULO RICARDO I,10,-5.236981,-35.306481,13.5,9.25,45,5182.5,CASCALHO,6.5,10460,Scomberomorus brasiliensis,48,41.5,600,,
23/07/2013,7,INVERNO,RIO GRANDE DO NORTE,JOSENILDO,7.9,-6.181865,-35.014496,16.75,5.91,45,4470.8,CASCALHO/PEDRA,3,16995,Scomberomorus brasiliensis,57,50,885,,
23/07/2013,7,INVERNO,RIO GRANDE DO NORTE,JOSENILDO,7.9,-6.181865,-35.014496,16.75,5.91,45,4470.8,CASCALHO/PEDRA,3,16995,Scomberomorus brasiliensis,51,44,622,,
23/07/2013,7,INVERNO,RIO GRANDE DO NORTE,JOSENILDO,7.9,-6.181865,-35.014496,16.75,5.91,45,4470.8,CASCALHO/PEDRA,3,16995,Scomberomorus brasiliensis,46.5,40,503,,
23/07/2013,7,INVERNO,RIO GRANDE DO NORTE,JOSENILDO,7.9,-6.181865,-35.014496,16.75,5.91,45,4470.8,CASCALHO/PEDRA,3,16995,Scomberomorus brasiliensis,50,43,625,,
23/07/2013,7,INVERNO,RIO GRANDE DO NORTE,JOSENILDO,7.9,-6.181865,-35.014496,16.75,5.91,45,4470.8,CASCALHO/PEDRA,3,16995,Rhizoprionodon porosus,57,45.5,768,M,
24/07/2013,7,INVERNO,RIO GRANDE DO NORTE,JOSENILDO,7.9,-6.154906,-35.015567,19.15,8.6,45,3526.8,CASCALHO/PEDRA,3,74127,Scomberomorus brasiliensis,50,43.5,623,,
24/07/2013,7,INVERNO,RIO GRANDE DO NORTE,JOSENILDO,7.9,-6.154906,-35.015567,19.15,8.6,45,3526.8,CASCALHO/PEDRA,3,74127,Scomberomorus brasiliensis,49,41,526,,
24/07/2013,7,INVERNO,RIO GRANDE DO NORTE,JOSENILDO,7.9,-6.154906,-35.015567,19.15,8.6,45,3526.8,CASCALHO/PEDRA,3,74127,Scomberomorus brasiliensis,51,43,605,,
24/07/2013,7,INVERNO,RIO GRANDE DO NORTE,JOSENILDO,7.9,-6.154906,-35.015567,19.15,8.6,45,3526.8,CASCALHO/PEDRA,3,74127,Scomberomorus brasiliensis,48,42,540,,
24/07/2013,7,INVERNO,RIO GRANDE DO NORTE,JOSENILDO,7.9,-6.154906,-35.015567,19.15,8.6,45,3526.8,CASCALHO/PEDRA,3,74127,Scomberomorus brasiliensis,45,39,421,,
24/07/2013,7,INVERNO,RIO GRANDE DO NORTE,JOSENILDO,7.9,-6.162188,-35.013445,18.55,7.87,45,4478,CASCALHO/PEDRA,3,49753,Scomberomorus brasiliensis,64,56,1437,,
24/07/2013,7,INVERNO,RIO GRANDE DO NORTE,JOSENILDO,7.9,-6.162188,-35.013445,18.55,7.87,45,4478,CASCALHO/PEDRA,3,49753,Scomberomorus brasiliensis,46.5,41,511,,
24/07/2013,7,INVERNO,RIO GRANDE DO NORTE,JOSENILDO,7.9,-6.162188,-35.013445,18.55,7.87,45,4478,CASCALHO/PEDRA,3,49753,Scomberomorus brasiliensis,49.5,43.5,615,,
24/07/2013,7,INVERNO,RIO GRANDE DO NORTE,JOSENILDO,7.9,-6.162188,-35.013445,18.55,7.87,45,4478,CASCALHO/PEDRA,3,49753,Scomberomorus brasiliensis,47,41.5,523,,
24/07/2013,7,INVERNO,RIO GRANDE DO NORTE,JOSENILDO,7.9,-6.162188,-35.013445,18.55,7.87,45,4478,CASCALHO/PEDRA,3,49753,Scomberomorus brasiliensis,57,50,893,,
24/07/2013,7,INVERNO,RIO GRANDE DO NORTE,JOSENILDO,7.9,-6.162188,-35.013445,18.55,7.87,45,4478,CASCALHO/PEDRA,3,49753,Scomberomorus brasiliensis,50,42,309,,
24/07/2013,7,INVERNO,RIO GRANDE DO NORTE,JOSENILDO,7.9,-6.162188,-35.013445,18.55,7.87,45,4478,CASCALHO/PEDRA,3,49753,Scomberomorus brasiliensis,61.5,54,1084,,
24/07/2013,7,INVERNO,RIO GRANDE DO NORTE,JOSENILDO,7.9,-6.162188,-35.013445,18.55,7.87,45,4478,CASCALHO/PEDRA,3,49753,Scomberomorus brasiliensis,51.5,44.5,618,,
24/07/2013,7,INVERNO,RIO GRANDE DO NORTE,JOSENILDO,7.9,-6.162188,-35.013445,18.55,7.87,45,4478,CASCALHO/PEDRA,3,49753,Scomberomorus brasiliensis,51.5,43,611,,
24/07/2013,7,INVERNO,RIO GRANDE DO NORTE,JOSENILDO,7.9,-6.162188,-35.013445,18.55,7.87,45,4478,CASCALHO/PEDRA,3,49753,Scomberomorus brasiliensis,58,50.5,804,,
24/07/2013,7,INVERNO,RIO GRANDE DO NORTE,JOSENILDO,7.9,-6.162188,-35.013445,18.55,7.87,45,4478,CASCALHO/PEDRA,3,49753,Scomberomorus brasiliensis,51,44,587,,
24/07/2013,7,INVERNO,RIO GRANDE DO NORTE,JOSENILDO,7.9,-6.162188,-35.013445,18.55,7.87,45,4478,CASCALHO/PEDRA,3,49753,Scomberomorus brasiliensis,49,42.5,569,,
24/07/2013,7,INVERNO,RIO GRANDE DO NORTE,JOSENILDO,7.9,-6.162188,-35.013445,18.55,7.87,45,4478,CASCALHO/PEDRA,3,49753,Scomberomorus brasiliensis,41,35,591,,
24/07/2013,7,INVERNO,RIO GRANDE DO NORTE,JOSENILDO,7.9,-6.162188,-35.013445,18.55,7.87,45,4478,CASCALHO/PEDRA,3,49753,Scomberomorus brasiliensis,38,32,591,,
21/08/2013,8,INVERNO,RIO GRANDE DO NORTE,DANUBIO,8.5,-5.046402,-36.184667,6.53,5.74,45,14990.9,AREIA,3.5,50710,Scomberomorus brasiliensis,40.5,36.5,430,,
22/08/2013,8,INVERNO,RIO GRANDE DO NORTE,DANUBIO,8.5,-5.04975,-36.205274,8.6,4.97,45,1208.6,CASCALHO,3,3242,Scomberomorus brasiliensis,53.5,47,721,,
3/9/2013,9,INVERNO,RIO GRANDE DO NORTE,DIOGO,10,-4.994311,-36.375992,9.88,9.53,45,14641.8,CASCALHO,6,82340,Rhizoprionodon porosus,38.7,31.3,270,M,
3/9/2013,9,INVERNO,RIO GRANDE DO NORTE,DIOGO,10,-4.994311,-36.375992,9.88,9.53,45,14641.8,CASCALHO,6,82340,Rhizoprionodon porosus,39.2,32.7,300,M,
3/9/2013,9,INVERNO,RIO GRANDE DO NORTE,EVERTON,7,-5.250059366,-35.35140585,6,4.115,45,3285.2,CASCALHO,2.5,5058,Scomberomorus brasiliensis,49,42,615,,
3/9/2013,9,INVERNO,RIO GRANDE DO NORTE,EVERTON,7,-5.250059366,-35.35140585,6,4.115,45,3285.2,CASCALHO,2.5,5058,Scomberomorus brasiliensis,52,44.5,694,,
3/9/2013,9,INVERNO,RIO GRANDE DO NORTE,EVERTON,7,-5.250059366,-35.35140585,6,4.115,45,3285.2,CASCALHO,2.5,5058,Scomberomorus brasiliensis,52,43.5,798,,
4/9/2013,9,INVERNO,RIO GRANDE DO NORTE,EVERTON,7,-5.268422,-35.32896,8.05,5.031,45,6927.5,CASCALHO,2.5,5430,Scomberomorus brasiliensis,55,48,852,,
4/9/2013,9,INVERNO,RIO GRANDE DO NORTE,EVERTON,7,-5.268422,-35.32896,8.05,5.031,45,6927.5,CASCALHO,2.5,5430,Scomberomorus brasiliensis,58,50,1020,,
4/9/2013,9,INVERNO,RIO GRANDE DO NORTE,EVERTON,7,-5.268422,-35.32896,8.05,5.031,45,6927.5,CASCALHO,2.5,5430,Scomberomorus brasiliensis,51,45,739,,
4/9/2013,9,INVERNO,RIO GRANDE DO NORTE,EVERTON,7,-5.260799,-35.332814,7.5,4.769,45,5492.2,CASCALHO,2.5,7871,Scomberomorus brasiliensis,48.5,41,586,,
4/9/2013,9,INVERNO,RIO GRANDE DO NORTE,EVERTON,7,-5.260799,-35.332814,7.5,4.769,45,5492.2,CASCALHO,2.5,7871,Scomberomorus brasiliensis,50,44,690,,
4/9/2013,9,INVERNO,RIO GRANDE DO NORTE,EVERTON,7,-5.260799,-35.332814,7.5,4.769,45,5492.2,CASCALHO,2.5,7871,Scomberomorus brasiliensis,55,47.5,837,,
4/9/2013,9,INVERNO,RIO GRANDE DO NORTE,EVERTON,7,-5.260799,-35.332814,7.5,4.769,45,5492.2,CASCALHO,2.5,7871,Scomberomorus brasiliensis,57,49,1002,,
4/9/2013,9,INVERNO,RIO GRANDE DO NORTE,EVERTON,7,-5.260799,-35.332814,7.5,4.769,45,5492.2,CASCALHO,2.5,7871,Scomberomorus brasiliensis,59,50,1078,,
4/9/2013,9,INVERNO,RIO GRANDE DO NORTE,DIOGO,10,-5.013095,-36.420215,7.69,6.88,45,17206.1,CASCALHO,6,34250,Scomberomorus brasiliensis,54.9,49.8,810,,
4/9/2013,9,INVERNO,RIO GRANDE DO NORTE,DIOGO,10,-5.013095,-36.420215,7.69,6.88,45,17206.1,CASCALHO,6,34250,Scomberomorus brasiliensis,47.5,43,540,,
4/9/2013,9,INVERNO,RIO GRANDE DO NORTE,DIOGO,10,-5.013095,-36.420215,7.69,6.88,45,17206.1,CASCALHO,6,34250,Scomberomorus brasiliensis,51.4,44.6,680,,
26/09/2013,9,PRIMAVERA,RIO GRANDE DO NORTE,BRITO JUNIOR,8.5,-4.885678,-36.027794,25.68,18.29,45,10928.7,PEDRA,8,31550,Rhizoprionodon porosus,76.7,63.1,1330,M,
26/09/2013,9,PRIMAVERA,RIO GRANDE DO NORTE,BRITO JUNIOR,8.5,-4.879415,-36.045716,29.21,20.02,45,5748.2,PEDRA,8,37010,Rhizoprionodon porosus,69.3,58.4,1520,M,
26/09/2013,9,PRIMAVERA,RIO GRANDE DO NORTE,DANUBIO,8,-5.029867,-36.095532,9.27,5.11,40,4401.6,AREIA,2,7040,Rhizoprionodon porosus,38.4,31.7,250,M,
26/09/2013,9,PRIMAVERA,RIO GRANDE DO NORTE,DANUBIO,8,-5.029867,-36.095532,9.27,5.11,40,4401.6,AREIA,2,7040,Rhizoprionodon porosus,42.3,35.5,370,M,
27/09/2013,9,INVERNO,RIO GRANDE DO NORTE,MATEUS,9.5,-5.83384,35.08974,14.65,10.388,60,12.1,CASCALHO,5.5,1799,Scomberomorus brasiliensis,65.5,57.5,1799,,
27/09/2013,9,INVERNO,RIO GRANDE DO NORTE,MATEUS,9.5,-5.82425,-35.09923,14.75,8.545,40/45,3651.8,CASCALHO,5.5,27829,Scomberomorus brasiliensis,49,42.4,401,m,c
27/09/2013,9,INVERNO,RIO GRANDE DO NORTE,MATEUS,9.5,-5.82425,-35.09923,14.75,8.545,40/45,3651.8,CASCALHO,5.5,27829,Scomberomorus brasiliensis,48,42,550,m,b
27/09/2013,9,INVERNO,RIO GRANDE DO NORTE,MATEUS,9.5,-5.82425,-35.09923,14.75,8.545,40/45,3651.8,CASCALHO,5.5,27829,Rhizoprionodon porosus,36.5,,198,,
27/09/2013,9,INVERNO,RIO GRANDE DO NORTE,MATEUS,9.5,-5.82425,-35.09923,14.75,8.545,40/45,3651.8,CASCALHO,5.5,27829,Scomberomorus brasiliensis,47.5,42.2,529,m,d
27/09/2013,9,INVERNO,RIO GRANDE DO NORTE,MATEUS,9.5,-5.82425,-35.09923,14.75,8.545,40/45,3651.8,CASCALHO,5.5,27829,Scomberomorus brasiliensis,46.9,41.5,537,f,d
27/09/2013,9,INVERNO,RIO GRANDE DO NORTE,MATEUS,9.5,-5.82425,-35.09923,14.75,8.545,40/45,3651.8,CASCALHO,5.5,27829,Scomberomorus brasiliensis,48,40.6,584,m,c
27/09/2013,9,INVERNO,RIO GRANDE DO NORTE,MATEUS,9.5,-5.82425,-35.09923,14.75,8.545,40/45,3651.8,CASCALHO,5.5,27829,Scomberomorus brasiliensis,46.7,39.9,481,m,d
27/09/2013,9,INVERNO,RIO GRANDE DO NORTE,MATEUS,9.5,-5.82425,-35.09923,14.75,8.545,40/45,3651.8,CASCALHO,5.5,27829,Scomberomorus brasiliensis,46.4,39.9,493,m,c
27/09/2013,9,INVERNO,RIO GRANDE DO NORTE,MATEUS,9.5,-5.82425,-35.09923,14.75,8.545,40/45,3651.8,CASCALHO,5.5,27829,Scomberomorus brasiliensis,48.3,43,661,m,c
27/09/2013,9,INVERNO,RIO GRANDE DO NORTE,MATEUS,9.5,-5.82425,-35.09923,14.75,8.545,40/45,3651.8,CASCALHO,5.5,27829,Scomberomorus brasiliensis,46.7,40.8,558,m,d
27/09/2013,9,INVERNO,RIO GRANDE DO NORTE,MATEUS,9.5,-5.82425,-35.09923,14.75,8.545,40/45,3651.8,CASCALHO,5.5,27829,Scomberomorus brasiliensis,49.5,43,599,m,d
27/09/2013,9,INVERNO,RIO GRANDE DO NORTE,MATEUS,9.5,-5.82425,-35.09923,14.75,8.545,40/45,3651.8,CASCALHO,5.5,27829,Scomberomorus brasiliensis,47.7,42.3,607,m,d
27/09/2013,9,INVERNO,RIO GRANDE DO NORTE,MATEUS,9.5,-5.82425,-35.09923,14.75,8.545,40/45,3651.8,CASCALHO,5.5,27829,Scomberomorus brasiliensis,43.7,38.6,496,m,c
27/09/2013,9,INVERNO,RIO GRANDE DO NORTE,MATEUS,9.5,-5.82425,-35.09923,14.75,8.545,40/45,3651.8,CASCALHO,5.5,27829,Scomberomorus brasiliensis,46.5,40,546,f,d
27/09/2013,9,INVERNO,RIO GRANDE DO NORTE,MATEUS,9.5,-5.82425,-35.09923,14.75,8.545,40/45,3651.8,CASCALHO,5.5,27829,Scomberomorus brasiliensis,47,41.2,541,f,d
27/09/2013,9,INVERNO,RIO GRANDE DO NORTE,MATEUS,9.5,-5.82425,-35.09923,14.75,8.545,40/45,3651.8,CASCALHO,5.5,27829,Scomberomorus brasiliensis,45.2,38.7,465,m,c
27/09/2013,9,INVERNO,RIO GRANDE DO NORTE,MATEUS,9.5,-5.82425,-35.09923,14.75,8.545,40/45,3651.8,CASCALHO,5.5,27829,Scomberomorus brasiliensis,51.5,44.7,751,m,c
27/09/2013,9,INVERNO,RIO GRANDE DO NORTE,MATEUS,9.5,-5.82425,-35.09923,14.75,8.545,40/45,3651.8,CASCALHO,5.5,27829,Scomberomorus brasiliensis,48,41.5,564,m,c
27/09/2013,9,INVERNO,RIO GRANDE DO NORTE,MATEUS,9.5,-5.82425,-35.09923,14.75,8.545,40/45,3651.8,CASCALHO,5.5,27829,Scomberomorus brasiliensis,47.1,40.5,506,m,c
27/09/2013,9,INVERNO,RIO GRANDE DO NORTE,MATEUS,9.5,-5.82425,-35.09923,14.75,8.545,40/45,3651.8,CASCALHO,5.5,27829,Scomberomorus brasiliensis,46.2,40.8,563,m,c
27/09/2013,9,INVERNO,RIO GRANDE DO NORTE,MATEUS,9.5,-5.82425,-35.09923,14.75,8.545,40/45,3651.8,CASCALHO,5.5,27829,Scomberomorus brasiliensis,44.5,38.2,442,m,b
27/09/2013,9,INVERNO,RIO GRANDE DO NORTE,MATEUS,9.5,-5.82425,-35.09923,14.75,8.545,40/45,3651.8,CASCALHO,5.5,27829,Scomberomorus brasiliensis,46,40.1,548,m,b
27/09/2013,9,INVERNO,RIO GRANDE DO NORTE,MATEUS,9.5,-5.82425,-35.09923,14.75,8.545,40/45,3651.8,CASCALHO,5.5,27829,Scomberomorus brasiliensis,44,37.8,432,m,c
27/09/2013,9,INVERNO,RIO GRANDE DO NORTE,MATEUS,9.5,-5.82425,-35.09923,14.75,8.545,40/45,3651.8,CASCALHO,5.5,27829,Scomberomorus brasiliensis,45,39.5,496,m,d
27/09/2013,9,INVERNO,RIO GRANDE DO NORTE,MATEUS,9.5,-5.82425,-35.09923,14.75,8.545,40/45,3651.8,CASCALHO,5.5,27829,Scomberomorus brasiliensis,49.5,43.5,641,f,b
24/10/2013,10,PRIMAVERA,RIO GRANDE DO NORTE,EVERALDO I,8.5,-5.030032,-35.592791,16.05,11.23,45,4176.7,CASCALHO,8,15840,Scomberomorus brasiliensis,58.5,52,1210,,
24/10/2013,10,PRIMAVERA,RIO GRANDE DO NORTE,EVERALDO I,8.5,-5.030032,-35.592791,16.05,11.23,45,4176.7,CASCALHO,8,15840,Scomberomorus brasiliensis,59.5,53.4,1200,,
24/10/2013,10,PRIMAVERA,RIO GRANDE DO NORTE,EVERALDO I,8.5,-5.030032,-35.592791,16.05,11.23,45,4176.7,CASCALHO,8,15840,Scomberomorus brasiliensis,72.2,65.7,2050,,
24/10/2013,10,PRIMAVERA,RIO GRANDE DO NORTE,EVERALDO I,8.5,-5.030032,-35.592791,16.05,11.23,45,4176.7,CASCALHO,8,15840,Scomberomorus brasiliensis,59,52.5,1280,,
24/10/2013,10,PRIMAVERA,RIO GRANDE DO NORTE,EVERALDO I,8.5,-5.030032,-35.592791,16.05,11.23,45,4176.7,CASCALHO,8,15840,Scomberomorus brasiliensis,54,47.5,1000,,
24/10/2013,10,PRIMAVERA,RIO GRANDE DO NORTE,EVERALDO I,8.5,-5.030032,-35.592791,16.05,11.23,45,4176.7,CASCALHO,8,15840,Scomberomorus brasiliensis,54.5,49.5,970,,
24/10/2013,10,PRIMAVERA,RIO GRANDE DO NORTE,EVERALDO I,8.5,-5.030032,-35.592791,16.05,11.23,45,4176.7,CASCALHO,8,15840,Scomberomorus brasiliensis,64.4,56.7,1550,,
24/10/2013,10,PRIMAVERA,RIO GRANDE DO NORTE,EVERALDO I,8.5,-5.027815,-35.59988,16.6,11.14,45,1398.8,CASCALHO,8,3620,Scomberomorus brasiliensis,51.2,44.4,660,,
24/10/2013,10,PRIMAVERA,RIO GRANDE DO NORTE,EVERALDO I,8.5,-5.027815,-35.59988,16.6,11.14,45,1398.8,CASCALHO,8,3620,Scomberomorus brasiliensis,47.3,40.7,520,,
24/10/2013,10,PRIMAVERA,RIO GRANDE DO NORTE,EVERALDO I,8.5,-5.027815,-35.59988,16.6,11.14,45,1398.8,CASCALHO,8,3620,Scomberomorus brasiliensis,45.2,38.7,470,,
31/10/2013,10,PRIMAVERA,RIO GRANDE DO NORTE,JOSÉ JARDEL,8.5,-5.55443,-35.200708,12.5,3.95,40,5666.4,CASCALHO,3,13863,Scomberomorus brasiliensis,48.5,43,520,,
31/10/2013,10,PRIMAVERA,RIO GRANDE DO NORTE,JOSÉ JARDEL,8.5,-5.55443,-35.200708,12.5,3.95,40,5666.4,CASCALHO,3,13863,Scomberomorus brasiliensis,44.2,37.5,430,,
31/10/2013,10,PRIMAVERA,RIO GRANDE DO NORTE,JOSÉ JARDEL,8.5,-5.55443,-35.200708,12.5,3.95,40,5666.4,CASCALHO,3,13863,Scomberomorus brasiliensis,50,42.2,600,,
31/10/2013,10,PRIMAVERA,RIO GRANDE DO NORTE,JOSÉ JARDEL,8.5,-5.55443,-35.200708,12.5,3.95,40,5666.4,CASCALHO,3,13863,Scomberomorus brasiliensis,50.9,44.2,673,,
12/11/2013,11,PRIMAVERA,RIO GRANDE DO NORTE,,7.5,-6.27098,-34.99499,18.4,5.14,45,7378,CASCALHO,10,84102,Scomberomorus brasiliensis,50,42.5,545,,
12/11/2013,11,PRIMAVERA,RIO GRANDE DO NORTE,,7.5,-6.27098,-34.99499,18.4,5.14,45,7378,CASCALHO,10,84102,Scomberomorus brasiliensis,50,44,656,,
12/11/2013,11,PRIMAVERA,RIO GRANDE DO NORTE,,7.5,-6.27098,-34.99499,18.4,5.14,45,7378,CASCALHO,10,84102,Scomberomorus brasiliensis,63,55.5,1635,,
12/11/2013,11,PRIMAVERA,RIO GRANDE DO NORTE,,7.5,-6.27098,-34.99499,18.4,5.14,45,7378,CASCALHO,10,84102,Scomberomorus brasiliensis,53,47,788,,
12/11/2013,11,PRIMAVERA,RIO GRANDE DO NORTE,,7.5,-6.27098,-34.99499,18.4,5.14,45,7378,CASCALHO,10,84102,Scomberomorus brasiliensis,60.5,52,1087,,
12/11/2013,11,PRIMAVERA,RIO GRANDE DO NORTE,,7.5,-6.27098,-34.99499,18.4,5.14,45,7378,CASCALHO,10,84102,Scomberomorus brasiliensis,49,43,627,,
12/11/2013,11,PRIMAVERA,RIO GRANDE DO NORTE,,7.5,-6.27098,-34.99499,18.4,5.14,45,7378,CASCALHO,10,84102,Scomberomorus brasiliensis,50,42.5,613,,
12/11/2013,11,PRIMAVERA,RIO GRANDE DO NORTE,,7.5,-6.27098,-34.99499,18.4,5.14,45,7378,CASCALHO,10,84102,Scomberomorus brasiliensis,54.5,47.5,779,,
12/11/2013,11,PRIMAVERA,RIO GRANDE DO NORTE,,7.5,-6.27098,-34.99499,18.4,5.14,45,7378,CASCALHO,10,84102,Scomberomorus brasiliensis,57.5,49.5,1014,,
12/11/2013,11,PRIMAVERA,RIO GRANDE DO NORTE,,7.5,-6.27098,-34.99499,18.4,5.14,45,7378,CASCALHO,10,84102,Scomberomorus brasiliensis,56,48,824,,
12/11/2013,11,PRIMAVERA,RIO GRANDE DO NORTE,,7.5,-6.27098,-34.99499,18.4,5.14,45,7378,CASCALHO,10,84102,Scomberomorus brasiliensis,46.5,40,488,,
12/11/2013,11,PRIMAVERA,RIO GRANDE DO NORTE,,7.5,-6.27098,-34.99499,18.4,5.14,45,7378,CASCALHO,10,84102,Scomberomorus brasiliensis,43.5,38,423,,
12/11/2013,11,PRIMAVERA,RIO GRANDE DO NORTE,,7.5,-6.27098,-34.99499,18.4,5.14,45,7378,CASCALHO,10,84102,Scomberomorus brasiliensis,43,36.5,422,,
12/11/2013,11,PRIMAVERA,RIO GRANDE DO NORTE,,7.5,-6.27098,-34.99499,18.4,5.14,45,7378,CASCALHO,10,84102,Scomberomorus brasiliensis,54.5,47,780,,
12/11/2013,11,PRIMAVERA,RIO GRANDE DO NORTE,,7.5,-6.27098,-34.99499,18.4,5.14,45,7378,CASCALHO,10,84102,Scomberomorus brasiliensis,57.5,51,976,,
12/11/2013,11,PRIMAVERA,RIO GRANDE DO NORTE,,7.5,-6.27098,-34.99499,18.4,5.14,45,7378,CASCALHO,10,84102,Scomberomorus brasiliensis,46,40,563,,
12/11/2013,11,PRIMAVERA,RIO GRANDE DO NORTE,,7.5,-6.27098,-34.99499,18.4,5.14,45,7378,CASCALHO,10,84102,Scomberomorus brasiliensis,51.5,44,858,,
12/11/2013,11,PRIMAVERA,RIO GRANDE DO NORTE,,7.5,-6.27098,-34.99499,18.4,5.14,45,7378,CASCALHO,10,84102,Scomberomorus brasiliensis,46,39,489,,
12/11/2013,11,PRIMAVERA,RIO GRANDE DO NORTE,,7.5,-6.27098,-34.99499,18.4,5.14,45,7378,CASCALHO,10,84102,Scomberomorus brasiliensis,51.5,44.5,678,,
12/11/2013,11,PRIMAVERA,RIO GRANDE DO NORTE,,7.5,-6.27098,-34.99499,18.4,5.14,45,7378,CASCALHO,10,84102,Scomberomorus brasiliensis,52.5,45.5,640,,
12/11/2013,11,PRIMAVERA,RIO GRANDE DO NORTE,,7.5,-6.27098,-34.99499,18.4,5.14,45,7378,CASCALHO,10,84102,Scomberomorus brasiliensis,49,42,510,,
12/11/2013,11,PRIMAVERA,RIO GRANDE DO NORTE,,7.5,-6.27098,-34.99499,18.4,5.14,45,7378,CASCALHO,10,84102,Scomberomorus brasiliensis,58,51,971,,
12/11/2013,11,PRIMAVERA,RIO GRANDE DO NORTE,,7.5,-6.27098,-34.99499,18.4,5.14,45,7378,CASCALHO,10,84102,Scomberomorus brasiliensis,49,42,572,,
12/11/2013,11,PRIMAVERA,RIO GRANDE DO NORTE,,7.5,-6.27098,-34.99499,18.4,5.14,45,7378,CASCALHO,10,84102,Scomberomorus brasiliensis,46.5,40,487,,
12/11/2013,11,PRIMAVERA,RIO GRANDE DO NORTE,,7.5,-6.27098,-34.99499,18.4,5.14,45,7378,CASCALHO,10,84102,Scomberomorus brasiliensis,46,39.5,494,,
12/11/2013,11,PRIMAVERA,RIO GRANDE DO NORTE,,7.5,-6.27098,-34.99499,18.4,5.14,45,7378,CASCALHO,10,84102,Scomberomorus brasiliensis,50,43,650,,
12/11/2013,11,PRIMAVERA,RIO GRANDE DO NORTE,,7.5,-6.27098,-34.99499,18.4,5.14,45,7378,CASCALHO,10,84102,Scomberomorus brasiliensis,47.5,41,529,,
12/11/2013,11,PRIMAVERA,RIO GRANDE DO NORTE,,7.5,-6.27098,-34.99499,18.4,5.14,45,7378,CASCALHO,10,84102,Scomberomorus brasiliensis,40,34,314,,
12/11/2013,11,PRIMAVERA,RIO GRANDE DO NORTE,,7.5,-6.27098,-34.99499,18.4,5.14,45,7378,CASCALHO,10,84102,Scomberomorus brasiliensis,56.5,49.5,940,,
12/11/2013,11,PRIMAVERA,RIO GRANDE DO NORTE,,7.5,-6.27098,-34.99499,18.4,5.14,45,7378,CASCALHO,10,84102,Scomberomorus brasiliensis,50.5,44,741,,
12/11/2013,11,PRIMAVERA,RIO GRANDE DO NORTE,,7.5,-6.27098,-34.99499,18.4,5.14,45,7378,CASCALHO,10,84102,Scomberomorus brasiliensis,44.5,39,429,,
12/11/2013,11,PRIMAVERA,RIO GRANDE DO NORTE,,7.5,-6.27098,-34.99499,18.4,5.14,45,7378,CASCALHO,10,84102,Scomberomorus brasiliensis,46.5,40,495,,
12/11/2013,11,PRIMAVERA,RIO GRANDE DO NORTE,,7.5,-6.27098,-34.99499,18.4,5.14,45,7378,CASCALHO,10,84102,Scomberomorus brasiliensis,57.5,50.5,986,,
12/11/2013,11,PRIMAVERA,RIO GRANDE DO NORTE,,7.5,-6.27098,-34.99499,18.4,5.14,45,7378,CASCALHO,10,84102,Scomberomorus brasiliensis,61,53.5,1224,,
12/11/2013,11,PRIMAVERA,RIO GRANDE DO NORTE,,7.5,-6.27098,-34.99499,18.4,5.14,45,7378,CASCALHO,10,84102,Scomberomorus brasiliensis,48.5,42,559,,
12/11/2013,11,PRIMAVERA,RIO GRANDE DO NORTE,,7.5,-6.27098,-34.99499,18.4,5.14,45,7378,CASCALHO,10,84102,Scomberomorus brasiliensis,43.5,38,441,,
12/11/2013,11,PRIMAVERA,RIO GRANDE DO NORTE,,7.5,-6.27098,-34.99499,18.4,5.14,45,7378,CASCALHO,10,84102,Scomberomorus brasiliensis,48.5,40.5,519,,
12/11/2013,11,PRIMAVERA,RIO GRANDE DO NORTE,,7.5,-6.27098,-34.99499,18.4,5.14,45,7378,CASCALHO,10,84102,Scomberomorus brasiliensis,47.5,41.5,554,,
12/11/2013,11,PRIMAVERA,RIO GRANDE DO NORTE,,7.5,-6.27098,-34.99499,18.4,5.14,45,7378,CASCALHO,10,84102,Scomberomorus brasiliensis,41.5,35,342,,
12/11/2013,11,PRIMAVERA,RIO GRANDE DO NORTE,,7.5,-6.27098,-34.99499,18.4,5.14,45,7378,CASCALHO,10,84102,Scomberomorus brasiliensis,42.5,36.5,369,,
12/11/2013,11,PRIMAVERA,RIO GRANDE DO NORTE,,7.5,-6.27098,-34.99499,18.4,5.14,45,7378,CASCALHO,10,84102,Scomberomorus brasiliensis,48.5,41.5,557,,
12/11/2013,11,PRIMAVERA,RIO GRANDE DO NORTE,,7.5,-6.27098,-34.99499,18.4,5.14,45,7378,CASCALHO,10,84102,Scomberomorus brasiliensis,50,44,675,,
12/11/2013,11,PRIMAVERA,RIO GRANDE DO NORTE,,7.5,-6.27098,-34.99499,18.4,5.14,45,7378,CASCALHO,10,84102,Scomberomorus brasiliensis,41,36,367,,
13/11/2013,11,PRIMAVERA,RIO GRANDE DO NORTE,,7.5,-6.26934,-34.99518,18.7,4.85,45,1705.5,CASCALHO,10,7284,Scomberomorus brasiliensis,52.5,45,722,,
13/11/2013,11,PRIMAVERA,RIO GRANDE DO NORTE,,7.5,-6.26934,-34.99518,18.7,4.85,45,1705.5,CASCALHO,10,7284,Scomberomorus brasiliensis,44.5,39,527,,
13/11/2013,11,PRIMAVERA,RIO GRANDE DO NORTE,,7.5,-6.26934,-34.99518,18.7,4.85,45,1705.5,CASCALHO,10,7284,Scomberomorus brasiliensis,65,57.5,1385,,
12/11/2013,11,PRIMAVERA,RIO GRANDE DO NORTE,,7.5,-6.27498,-34.98937,20.7,5.26,45,8032.5,CASCALHO,10,26452,Scomberomorus brasiliensis,50.5,44,635,,
12/11/2013,11,PRIMAVERA,RIO GRANDE DO NORTE,,7.5,-6.27498,-34.98937,20.7,5.26,45,8032.5,CASCALHO,10,26452,Scomberomorus brasiliensis,53.5,46.5,744,,
12/11/2013,11,PRIMAVERA,RIO GRANDE DO NORTE,,7.5,-6.27498,-34.98937,20.7,5.26,45,8032.5,CASCALHO,10,26452,Scomberomorus brasiliensis,44,37.5,379,,
12/11/2013,11,PRIMAVERA,RIO GRANDE DO NORTE,,7.5,-6.27498,-34.98937,20.7,5.26,45,8032.5,CASCALHO,10,26452,Scomberomorus brasiliensis,49,42,612,,
12/11/2013,11,PRIMAVERA,RIO GRANDE DO NORTE,,7.5,-6.27498,-34.98937,20.7,5.26,45,8032.5,CASCALHO,10,26452,Scomberomorus brasiliensis,47,41,581,,
12/11/2013,11,PRIMAVERA,RIO GRANDE DO NORTE,,7.5,-6.27498,-34.98937,20.7,5.26,45,8032.5,CASCALHO,10,26452,Scomberomorus brasiliensis,55,47,866,,
12/11/2013,11,PRIMAVERA,RIO GRANDE DO NORTE,,7.5,-6.27498,-34.98937,20.7,5.26,45,8032.5,CASCALHO,10,26452,Scomberomorus brasiliensis,49,42,600,,
12/11/2013,11,PRIMAVERA,RIO GRANDE DO NORTE,,7.5,-6.27498,-34.98937,20.7,5.26,45,8032.5,CASCALHO,10,26452,Scomberomorus brasiliensis,57.5,49,953,,
12/11/2013,11,PRIMAVERA,RIO GRANDE DO NORTE,,7.5,-6.27498,-34.98937,20.7,5.26,45,8032.5,CASCALHO,10,26452,Scomberomorus brasiliensis,53,44,756,,
12/11/2013,11,PRIMAVERA,RIO GRANDE DO NORTE,,7.5,-6.27498,-34.98937,20.7,5.26,45,8032.5,CASCALHO,10,26452,Scomberomorus brasiliensis,53.5,45.5,757,,
12/11/2013,11,PRIMAVERA,RIO GRANDE DO NORTE,,7.5,-6.27498,-34.98937,20.7,5.26,45,8032.5,CASCALHO,10,26452,Scomberomorus brasiliensis,43.5,37,412,,
12/11/2013,11,PRIMAVERA,RIO GRANDE DO NORTE,,7.5,-6.27498,-34.98937,20.7,5.26,45,8032.5,CASCALHO,10,26452,Scomberomorus brasiliensis,46,39.5,419,,
12/11/2013,11,PRIMAVERA,RIO GRANDE DO NORTE,,7.5,-6.27498,-34.98937,20.7,5.26,45,8032.5,CASCALHO,10,26452,Scomberomorus brasiliensis,43.5,37.5,381,,
12/11/2013,11,PRIMAVERA,RIO GRANDE DO NORTE,,7.5,-6.27498,-34.98937,20.7,5.26,45,8032.5,CASCALHO,10,26452,Scomberomorus brasiliensis,56,48,856,,
12/11/2013,11,PRIMAVERA,RIO GRANDE DO NORTE,,7.5,-6.27498,-34.98937,20.7,5.26,45,8032.5,CASCALHO,10,26452,Scomberomorus brasiliensis,50,43,601,,
25/11/2013,11,PRIMAVERA,RIO GRANDE DO NORTE,SERRA IV,9.5,-5.08126,-35.430389,14.85,10.97,45,4360.5,CASCALHO,8,53860,Scomberomorus brasiliensis,52.1,46.5,840,,
25/11/2013,11,PRIMAVERA,RIO GRANDE DO NORTE,SERRA IV,9.5,-5.08126,-35.430389,14.85,10.97,45,4360.5,CASCALHO,8,53860,Scomberomorus brasiliensis,45.2,39.4,580,,
25/11/2013,11,PRIMAVERA,RIO GRANDE DO NORTE,SERRA IV,9.5,-5.08126,-35.430389,14.85,10.97,45,4360.5,CASCALHO,8,53860,Scomberomorus brasiliensis,46.1,41.3,550,,
13/12/2013,12,VERÃO,RIO GRANDE DO NORTE,DIOGO,10,-4.868732,-36.265546,27.2,24.42,45,5135.7,CASCALHO,13,27244,Scomberomorus brasiliensis,58,50,885,,
13/12/2013,12,VERÃO,RIO GRANDE DO NORTE,DIOGO,10,-4.868732,-36.265546,27.2,24.42,45,5135.7,CASCALHO,13,27244,Rhizoprionodon porosus,73.6,60,1230,,
13/12/2013,12,VERÃO,RIO GRANDE DO NORTE,DIOGO,10,-4.870466,-36.265546,19.65,24.13,45,2397.9,CASCALHO,13,25921,Rhizoprionodon porosus,72,58.5,1280,,
13/12/2013,12,VERÃO,RIO GRANDE DO NORTE,DIOGO,10,-4.870466,-36.265546,19.65,24.13,45,2397.9,CASCALHO,13,25921,Rhizoprionodon porosus,67.5,56,1060,,
13/12/2013,12,VERÃO,RIO GRANDE DO NORTE,DIOGO,10,-4.870466,-36.265546,19.65,24.13,45,2397.9,CASCALHO,13,25921,Rhizoprionodon porosus,82.9,67.8,1830,,
13/12/2013,12,VERÃO,RIO GRANDE DO NORTE,DIOGO,10,-4.870466,-36.265546,19.65,24.13,45,2397.9,CASCALHO,13,25921,Rhizoprionodon porosus,66,56.3,1250,,
29/01/2014,1,VERÃO,RIO GRANDE DO NORTE,ARABAIANA,7.7,-4.899482,-36.80454,12.034,9.82,45,11730,CASCALHO,3,51570,Scomberomorus brasiliensis,48.1,42,550,,
29/01/2014,1,VERÃO,RIO GRANDE DO NORTE,ARABAIANA,7.7,-4.899482,-36.80454,12.034,9.82,45,11730,CASCALHO,3,51570,Scomberomorus brasiliensis,52.3,45,660,,
29/01/2014,1,VERÃO,RIO GRANDE DO NORTE,ARABAIANA,7.7,-4.899482,-36.80454,12.034,9.82,45,11730,CASCALHO,3,51570,Scomberomorus brasiliensis,54,47.5,870,,
29/01/2014,1,VERÃO,RIO GRANDE DO NORTE,ARABAIANA,7.7,-4.899482,-36.80454,12.034,9.82,45,11730,CASCALHO,3,51570,Scomberomorus brasiliensis,51.1,44.4,660,,
29/01/2014,1,VERÃO,RIO GRANDE DO NORTE,ARABAIANA,7.7,-4.899482,-36.80454,12.034,9.82,45,11730,CASCALHO,3,51570,Rhizoprionodon porosus,50.5,41,500,,
29/01/2014,1,VERÃO,RIO GRANDE DO NORTE,ARABAIANA,7.7,-4.899482,-36.80454,12.034,9.82,45,11730,CASCALHO,3,51570,Scomberomorus brasiliensis,48.7,41.4,610,,
29/01/2014,1,VERÃO,RIO GRANDE DO NORTE,ARABAIANA,7.7,-4.899482,-36.80454,12.034,9.82,45,11730,CASCALHO,3,51570,Scomberomorus brasiliensis,56.5,48.5,1030,,
29/01/2014,1,VERÃO,RIO GRANDE DO NORTE,ARABAIANA,7.7,-4.899482,-36.80454,12.034,9.82,45,11730,CASCALHO,3,51570,Scomberomorus brasiliensis,49.6,43.5,730,,
29/01/2014,1,VERÃO,RIO GRANDE DO NORTE,ARABAIANA,7.7,-4.899482,-36.80454,12.034,9.82,45,11730,CASCALHO,3,51570,Scomberomorus brasiliensis,49,41.5,650,,
29/01/2014,1,VERÃO,RIO GRANDE DO NORTE,ARABAIANA,7.7,-4.899482,-36.80454,12.034,9.82,45,11730,CASCALHO,3,51570,Scomberomorus brasiliensis,50.3,43.5,670,,
29/01/2014,1,VERÃO,RIO GRANDE DO NORTE,ARABAIANA,7.7,-4.899482,-36.80454,12.034,9.82,45,11730,CASCALHO,3,51570,Scomberomorus brasiliensis,52.5,46.5,850,,
29/01/2014,1,VERÃO,RIO GRANDE DO NORTE,ARABAIANA,7.7,-4.899482,-36.80454,12.034,9.82,45,11730,CASCALHO,3,51570,Scomberomorus brasiliensis,55.8,48.5,970,,
29/01/2014,1,VERÃO,RIO GRANDE DO NORTE,ARABAIANA,7.7,-4.899482,-36.80454,12.034,9.82,45,11730,CASCALHO,3,51570,Rhizoprionodon porosus,73.7,59,1600,,
29/01/2014,1,VERÃO,RIO GRANDE DO NORTE,ARABAIANA,7.7,-4.899482,-36.80454,12.034,9.82,45,11730,CASCALHO,3,51570,Scomberomorus brasiliensis,54.2,47,600,,
29/01/2014,1,VERÃO,RIO GRANDE DO NORTE,ARABAIANA,7.7,-4.899482,-36.80454,12.034,9.82,45,11730,CASCALHO,3,51570,Scomberomorus brasiliensis,49.2,44.3,680,,
29/01/2014,1,VERÃO,RIO GRANDE DO NORTE,ARABAIANA,7.7,-4.899482,-36.80454,12.034,9.82,45,11730,CASCALHO,3,51570,Scomberomorus brasiliensis,49.9,43.5,720,,
29/01/2014,1,VERÃO,RIO GRANDE DO NORTE,ARABAIANA,7.7,-4.899482,-36.80454,12.034,9.82,45,11730,CASCALHO,3,51570,Rhizoprionodon porosus,52.5,42,650,,
29/01/2014,1,VERÃO,RIO GRANDE DO NORTE,ARABAIANA,7.7,-4.899482,-36.80454,12.034,9.82,45,11730,CASCALHO,3,51570,Scomberomorus brasiliensis,49.5,43,640,,
29/01/2014,1,VERÃO,RIO GRANDE DO NORTE,ARABAIANA,7.7,-4.899482,-36.80454,12.034,9.82,45,11730,CASCALHO,3,51570,Scomberomorus brasiliensis,53.5,47.3,840,,
29/01/2014,1,VERÃO,RIO GRANDE DO NORTE,ARABAIANA,7.7,-4.899482,-36.80454,12.034,9.82,45,11730,CASCALHO,3,51570,Scomberomorus brasiliensis,50.3,43.5,740,,
29/01/2014,1,VERÃO,RIO GRANDE DO NORTE,ARABAIANA,7.7,-4.899482,-36.80454,12.034,9.82,45,11730,CASCALHO,3,51570,Scomberomorus brasiliensis,51.2,44.3,820,,
29/01/2014,1,VERÃO,RIO GRANDE DO NORTE,ARABAIANA,7.7,-4.899482,-36.80454,12.034,9.82,45,11730,CASCALHO,3,51570,Rhizoprionodon porosus,74.5,62,1650,,
30/01/2014,1,VERÃO,RIO GRANDE DO NORTE,EVERTON,7,-5.135273,-35.27232,22,18.62,45,6664,CASCALHO,10.5,14840,Scomberomorus brasiliensis,56,49,841,,
30/01/2014,1,VERÃO,RIO GRANDE DO NORTE,EVERTON,7,-5.135273,-35.27232,22,18.62,45,6664,CASCALHO,10.5,14840,Scomberomorus brasiliensis,47,40.5,515,,
30/01/2014,1,VERÃO,RIO GRANDE DO NORTE,EVERTON,7,-5.135273,-35.27232,22,18.62,45,6664,CASCALHO,10.5,14840,Scomberomorus brasiliensis,47.5,41,566,,
30/01/2014,1,VERÃO,RIO GRANDE DO NORTE,EVERTON,7,-5.135273,-35.27232,22,18.62,45,6664,CASCALHO,10.5,14840,Scomberomorus brasiliensis,48,42,500,,
30/01/2014,1,VERÃO,RIO GRANDE DO NORTE,EVERTON,7,-5.135273,-35.27232,22,18.62,45,6664,CASCALHO,10.5,14840,Scomberomorus brasiliensis,43,37.5,434,,
30/01/2014,1,VERÃO,RIO GRANDE DO NORTE,EVERTON,7,-5.135273,-35.27232,22,18.62,45,6664,CASCALHO,10.5,14840,Scomberomorus brasiliensis,51,44.5,699,,
30/01/2014,1,VERÃO,RIO GRANDE DO NORTE,EVERTON,7,-5.135273,-35.27232,22,18.62,45,6664,CASCALHO,10.5,14840,Scomberomorus brasiliensis,59,51.5,840,,
30/01/2014,1,VERÃO,RIO GRANDE DO NORTE,EVERTON,7,-5.135273,-35.27232,22,18.62,45,6664,CASCALHO,10.5,14840,Scomberomorus brasiliensis,44,38.5,478,,
30/01/2014,1,VERÃO,RIO GRANDE DO NORTE,EVERTON,7,-5.127335,-35.277437,21.15,18.607,45,3976.5,CASCALHO,10.5,16175,Scomberomorus brasiliensis,59.5,52,1036,,
30/01/2014,1,VERÃO,RIO GRANDE DO NORTE,EVERTON,7,-5.127335,-35.277437,21.15,18.607,45,3976.5,CASCALHO,10.5,16175,Scomberomorus brasiliensis,61,53.5,1144,,
30/01/2014,1,VERÃO,RIO GRANDE DO NORTE,EVERTON,7,-5.127335,-35.277437,21.15,18.607,45,3976.5,CASCALHO,10.5,16175,Scomberomorus brasiliensis,54,48,754,,
30/01/2014,1,VERÃO,RIO GRANDE DO NORTE,EVERTON,7,-5.127335,-35.277437,21.15,18.607,45,3976.5,CASCALHO,10.5,16175,Rhizoprionodon porosus,83.5,,2137,M,
29/01/2014,1,VERÃO,RIO GRANDE DO NORTE,EVERTON,7,-5.149086,-35.299513,17.25,15.206,45,7255.9,CASCALHO,10,29166,Rhizoprionodon porosus,82.5,,2566,M,
29/01/2014,1,VERÃO,RIO GRANDE DO NORTE,EVERTON,7,-5.149086,-35.299513,17.25,15.206,45,7255.9,CASCALHO,10,29166,Scomberomorus brasiliensis,55.5,49,953,,
29/01/2014,1,VERÃO,RIO GRANDE DO NORTE,EVERTON,7,-5.149086,-35.299513,17.25,15.206,45,7255.9,CASCALHO,10,29166,Scomberomorus brasiliensis,48.5,42,570,,
29/01/2014,1,VERÃO,RIO GRANDE DO NORTE,EVERTON,7,-5.149086,-35.299513,17.25,15.206,45,7255.9,CASCALHO,10,29166,Scomberomorus brasiliensis,50.5,44,620,,
29/01/2014,1,VERÃO,RIO GRANDE DO NORTE,EVERTON,7,-5.149086,-35.299513,17.25,15.206,45,7255.9,CASCALHO,10,29166,Scomberomorus brasiliensis,58.5,51,1155,,
29/01/2014,1,VERÃO,RIO GRANDE DO NORTE,EVERTON,7,-5.149086,-35.299513,17.25,15.206,45,7255.9,CASCALHO,10,29166,Scomberomorus brasiliensis,50,42.5,603,,
29/01/2014,1,VERÃO,RIO GRANDE DO NORTE,EVERTON,7,-5.149086,-35.299513,17.25,15.206,45,7255.9,CASCALHO,10,29166,Scomberomorus brasiliensis,63.5,52.5,1310,,
29/01/2014,1,VERÃO,RIO GRANDE DO NORTE,EVERTON,7,-5.149086,-35.299513,17.25,15.206,45,7255.9,CASCALHO,10,29166,Scomberomorus brasiliensis,59,51.5,919,,
29/01/2014,1,VERÃO,RIO GRANDE DO NORTE,EVERTON,7,-5.149086,-35.299513,17.25,15.206,45,7255.9,CASCALHO,10,29166,Scomberomorus brasiliensis,56,49,948,,
29/01/2014,1,VERÃO,RIO GRANDE DO NORTE,EVERTON,7,-5.149086,-35.299513,17.25,15.206,45,7255.9,CASCALHO,10,29166,Scomberomorus brasiliensis,55,46.5,829,,
29/01/2014,1,VERÃO,RIO GRANDE DO NORTE,EVERTON,7,-5.149086,-35.299513,17.25,15.206,45,7255.9,CASCALHO,10,29166,Scomberomorus brasiliensis,51,44,638,,
29/01/2014,1,VERÃO,RIO GRANDE DO NORTE,EVERTON,7,-5.149086,-35.299513,17.25,15.206,45,7255.9,CASCALHO,10,29166,Scomberomorus brasiliensis,54,46.5,720,,
29/01/2014,1,VERÃO,RIO GRANDE DO NORTE,EVERTON,7,-5.149086,-35.299513,17.25,15.206,45,7255.9,CASCALHO,10,29166,Scomberomorus brasiliensis,48,42,536,,
29/01/2014,1,VERÃO,RIO GRANDE DO NORTE,EVERTON,7,-5.149086,-35.299513,17.25,15.206,45,7255.9,CASCALHO,10,29166,Scomberomorus brasiliensis,61.5,52.5,1046,,
29/01/2014,1,VERÃO,RIO GRANDE DO NORTE,EVERTON,7,-5.149086,-35.299513,17.25,15.206,45,7255.9,CASCALHO,10,29166,Scomberomorus brasiliensis,51,44.5,610,,
29/01/2014,1,VERÃO,RIO GRANDE DO NORTE,EVERTON,7,-5.149086,-35.299513,17.25,15.206,45,7255.9,CASCALHO,10,29166,Scomberomorus brasiliensis,53,45.5,735,,
29/01/2014,1,VERÃO,RIO GRANDE DO NORTE,EVERTON,7,-5.149086,-35.299513,17.25,15.206,45,7255.9,CASCALHO,10,29166,Scomberomorus brasiliensis,49,42.5,590,,
29/01/2014,1,VERÃO,RIO GRANDE DO NORTE,EVERTON,7,-5.149086,-35.299513,17.25,15.206,45,7255.9,CASCALHO,10,29166,Scomberomorus brasiliensis,55,47,814,,
29/01/2014,1,VERÃO,RIO GRANDE DO NORTE,EVERTON,7,-5.149086,-35.299513,17.25,15.206,45,7255.9,CASCALHO,10,29166,Scomberomorus brasiliensis,57,49,990,,
29/01/2014,1,VERÃO,RIO GRANDE DO NORTE,EVERTON,7,-5.140934,-35.304499,27,15.26,45,4802.5,CASCALHO,10,37266,Scomberomorus brasiliensis,58.5,51,987,,
29/01/2014,1,VERÃO,RIO GRANDE DO NORTE,EVERTON,7,-5.140934,-35.304499,27,15.26,45,4802.5,CASCALHO,10,37266,Scomberomorus brasiliensis,57,48.5,990,,
29/01/2014,1,VERÃO,RIO GRANDE DO NORTE,EVERTON,7,-5.140934,-35.304499,27,15.26,45,4802.5,CASCALHO,10,37266,Scomberomorus brasiliensis,46.5,40.5,480,,
29/01/2014,1,VERÃO,RIO GRANDE DO NORTE,EVERTON,7,-5.140934,-35.304499,27,15.26,45,4802.5,CASCALHO,10,37266,Scomberomorus brasiliensis,58.5,50,1028,,
29/01/2014,1,VERÃO,RIO GRANDE DO NORTE,EVERTON,7,-5.140934,-35.304499,27,15.26,45,4802.5,CASCALHO,10,37266,Scomberomorus brasiliensis,61,54.5,1284,,
29/01/2014,1,VERÃO,RIO GRANDE DO NORTE,EVERTON,7,-5.140934,-35.304499,27,15.26,45,4802.5,CASCALHO,10,37266,Scomberomorus brasiliensis,54.5,47,804,,
29/01/2014,1,VERÃO,RIO GRANDE DO NORTE,EVERTON,7,-5.140934,-35.304499,27,15.26,45,4802.5,CASCALHO,10,37266,Scomberomorus brasiliensis,47,40.5,535,,
29/01/2014,1,VERÃO,RIO GRANDE DO NORTE,EVERTON,7,-5.140934,-35.304499,27,15.26,45,4802.5,CASCALHO,10,37266,Scomberomorus brasiliensis,44.5,38,553,,
29/01/2014,1,VERÃO,RIO GRANDE DO NORTE,EVERTON,7,-5.140934,-35.304499,27,15.26,45,4802.5,CASCALHO,10,37266,Scomberomorus brasiliensis,49.5,43,645,,
29/01/2014,1,VERÃO,RIO GRANDE DO NORTE,EVERTON,7,-5.140934,-35.304499,27,15.26,45,4802.5,CASCALHO,10,37266,Scomberomorus brasiliensis,56.5,49,922,,
29/01/2014,1,VERÃO,RIO GRANDE DO NORTE,EVERTON,7,-5.140934,-35.304499,27,15.26,45,4802.5,CASCALHO,10,37266,Scomberomorus brasiliensis,57,49,935,,
29/01/2014,1,VERÃO,RIO GRANDE DO NORTE,EVERTON,7,-5.140934,-35.304499,27,15.26,45,4802.5,CASCALHO,10,37266,Scomberomorus brasiliensis,61,53,997,,
29/01/2014,1,VERÃO,RIO GRANDE DO NORTE,EVERTON,7,-5.140934,-35.304499,27,15.26,45,4802.5,CASCALHO,10,37266,Scomberomorus brasiliensis,49,42.5,547,,
29/01/2014,1,VERÃO,RIO GRANDE DO NORTE,EVERTON,7,-5.140934,-35.304499,27,15.26,45,4802.5,CASCALHO,10,37266,Scomberomorus brasiliensis,52.5,44.5,655,,
29/01/2014,1,VERÃO,RIO GRANDE DO NORTE,EVERTON,7,-5.140934,-35.304499,27,15.26,45,4802.5,CASCALHO,10,37266,Scomberomorus brasiliensis,47.5,41,505,,
29/01/2014,1,VERÃO,RIO GRANDE DO NORTE,EVERTON,7,-5.140934,-35.304499,27,15.26,45,4802.5,CASCALHO,10,37266,Scomberomorus brasiliensis,56,48,889,,
29/01/2014,1,VERÃO,RIO GRANDE DO NORTE,EVERTON,7,-5.140934,-35.304499,27,15.26,45,4802.5,CASCALHO,10,37266,Scomberomorus brasiliensis,48.5,41.5,556,,
29/01/2014,1,VERÃO,RIO GRANDE DO NORTE,EVERTON,7,-5.140934,-35.304499,27,15.26,45,4802.5,CASCALHO,10,37266,Scomberomorus brasiliensis,52,44,716,,
29/01/2014,1,VERÃO,RIO GRANDE DO NORTE,EVERTON,7,-5.140934,-35.304499,27,15.26,45,4802.5,CASCALHO,10,37266,Scomberomorus brasiliensis,53.5,45,755,,
29/01/2014,1,VERÃO,RIO GRANDE DO NORTE,EVERTON,7,-5.140934,-35.304499,27,15.26,45,4802.5,CASCALHO,10,37266,Scomberomorus brasiliensis,50.5,43,597,,
29/01/2014,1,VERÃO,RIO GRANDE DO NORTE,EVERTON,7,-5.140934,-35.304499,27,15.26,45,4802.5,CASCALHO,10,37266,Scomberomorus brasiliensis,50,42,574,,
29/01/2014,1,VERÃO,RIO GRANDE DO NORTE,EVERTON,7,-5.140934,-35.304499,27,15.26,45,4802.5,CASCALHO,10,37266,Scomberomorus brasiliensis,47.5,40.5,480,,
29/01/2014,1,VERÃO,RIO GRANDE DO NORTE,EVERTON,7,-5.140934,-35.304499,27,15.26,45,4802.5,CASCALHO,10,37266,Scomberomorus brasiliensis,50.5,43.5,700,,
29/01/2014,1,VERÃO,RIO GRANDE DO NORTE,EVERTON,7,-5.140934,-35.304499,27,15.26,45,4802.5,CASCALHO,10,37266,Scomberomorus brasiliensis,45.5,40,562,,
29/01/2014,1,VERÃO,RIO GRANDE DO NORTE,EVERTON,7,-5.140934,-35.304499,27,15.26,45,4802.5,CASCALHO,10,37266,Scomberomorus brasiliensis,43,37.5,410,,
7/2/2014,2,VERÃO,RIO GRANDE DO NORTE,MATEUS,9.5,-5.758202,-35.131904,12.05,6.8,50,17385.2,CASCALHO,6.5,35011,Scomberomorus brasiliensis,62,54,1230,,
7/2/2014,2,VERÃO,RIO GRANDE DO NORTE,MATEUS,9.5,-5.758202,-35.131904,12.05,6.8,50,17385.2,CASCALHO,6.5,35011,Scomberomorus brasiliensis,53,47,805,,
7/2/2014,2,VERÃO,RIO GRANDE DO NORTE,MATEUS,9.5,-5.758202,-35.131904,12.05,6.8,50,17385.2,CASCALHO,6.5,35011,Scomberomorus brasiliensis,53.5,43,792,,
7/2/2014,2,VERÃO,RIO GRANDE DO NORTE,MATEUS,9.5,-5.758202,-35.131904,12.05,6.8,50,17385.2,CASCALHO,6.5,35011,Scomberomorus brasiliensis,52,44,715,,
7/2/2014,2,VERÃO,RIO GRANDE DO NORTE,MATEUS,9.5,-5.758202,-35.131904,12.05,6.8,50,17385.2,CASCALHO,6.5,35011,Scomberomorus brasiliensis,50,43,630,,
7/2/2014,2,VERÃO,RIO GRANDE DO NORTE,MATEUS,9.5,-5.758202,-35.131904,12.05,6.8,50,17385.2,CASCALHO,6.5,35011,Scomberomorus brasiliensis,51,44,732,,
7/2/2014,2,VERÃO,RIO GRANDE DO NORTE,MATEUS,9.5,-5.758202,-35.131904,12.05,6.8,50,17385.2,CASCALHO,6.5,35011,Scomberomorus brasiliensis,55,48,827,,
7/2/2014,2,VERÃO,RIO GRANDE DO NORTE,MATEUS,9.5,-5.758202,-35.131904,12.05,6.8,50,17385.2,CASCALHO,6.5,35011,Scomberomorus brasiliensis,56,49,752,,
7/2/2014,2,VERÃO,RIO GRANDE DO NORTE,MATEUS,9.5,-5.758202,-35.131904,12.05,6.8,50,17385.2,CASCALHO,6.5,35011,Scomberomorus brasiliensis,50,42.5,596,,
7/2/2014,2,VERÃO,RIO GRANDE DO NORTE,MATEUS,9.5,-5.758202,-35.131904,12.05,6.8,50,17385.2,CASCALHO,6.5,35011,Scomberomorus brasiliensis,51,45,648,,
7/2/2014,2,VERÃO,RIO GRANDE DO NORTE,MATEUS,9.5,-5.758202,-35.131904,12.05,6.8,50,17385.2,CASCALHO,6.5,35011,Scomberomorus brasiliensis,55,48,824,,
7/2/2014,2,VERÃO,RIO GRANDE DO NORTE,MATEUS,9.5,-5.758202,-35.131904,12.05,6.8,50,17385.2,CASCALHO,6.5,35011,Scomberomorus brasiliensis,55,48,832,,
7/2/2014,2,VERÃO,RIO GRANDE DO NORTE,MATEUS,9.5,-5.758202,-35.131904,12.05,6.8,50,17385.2,CASCALHO,6.5,35011,Scomberomorus brasiliensis,56,49,855,,
7/2/2014,2,VERÃO,RIO GRANDE DO NORTE,MATEUS,9.5,-5.758202,-35.131904,12.05,6.8,50,17385.2,CASCALHO,6.5,35011,Scomberomorus brasiliensis,71,61,1660,,
7/2/2014,2,VERÃO,RIO GRANDE DO NORTE,MATEUS,9.5,-5.758202,-35.131904,12.05,6.8,50,17385.2,CASCALHO,6.5,35011,Scomberomorus brasiliensis,60,52,1203,,
7/2/2014,2,VERÃO,RIO GRANDE DO NORTE,MATEUS,9.5,-5.758202,-35.131904,12.05,6.8,50,17385.2,CASCALHO,6.5,35011,Scomberomorus brasiliensis,57,51,1062,,
7/2/2014,2,VERÃO,RIO GRANDE DO NORTE,MATEUS,9.5,-5.758202,-35.131904,12.05,6.8,50,17385.2,CASCALHO,6.5,35011,Scomberomorus brasiliensis,51,44.5,698,,
18/03/2014,3,OUTONO,RIO GRANDE DO NORTE,JOSÉ JARDEL,8.1,-5.454727,-35.196832,14.08,9.56,45,4406.4,CASCALHO,8,18560,Rhizoprionodon porosus,54,44.3,610,,
18/03/2014,3,OUTONO,RIO GRANDE DO NORTE,JOSÉ JARDEL,8.1,-5.454727,-35.196832,14.08,9.56,45,4406.4,CASCALHO,8,18560,Rhizoprionodon porosus,30,27.5,160,,
18/03/2014,3,OUTONO,RIO GRANDE DO NORTE,JOSÉ JARDEL,8.1,-5.454727,-35.196832,14.08,9.56,45,4406.4,CASCALHO,8,18560,Rhizoprionodon porosus,48,39.1,450,,
18/03/2014,3,OUTONO,RIO GRANDE DO NORTE,JOSÉ JARDEL,8.1,-5.454727,-35.196832,14.08,9.56,45,4406.4,CASCALHO,8,18560,Rhizoprionodon porosus,47,31.5,410,,
18/03/2014,3,OUTONO,RIO GRANDE DO NORTE,JOSÉ JARDEL,8.1,-5.450493,-35.202022,14.2,9.27,45,3720,CASCALHO,8,5460,Rhizoprionodon porosus,57.3,47.4,730,,
18/03/2014,3,OUTONO,RIO GRANDE DO NORTE,JOSÉ JARDEL,8.1,-5.450493,-35.202022,14.2,9.27,45,3720,CASCALHO,8,5460,Rhizoprionodon porosus,43.5,36,340,,
18/03/2014,3,OUTONO,RIO GRANDE DO NORTE,JOSÉ JARDEL,8.1,-5.450493,-35.202022,14.2,9.27,45,3720,CASCALHO,8,5460,Rhizoprionodon porosus,48,39,440,,
18/03/2014,3,OUTONO,RIO GRANDE DO NORTE,JOSÉ JARDEL,8.1,-5.444175,-35.205713,13.78,8.88,45,1823.1,CASCALHO,8,4430,Rhizoprionodon porosus,40.3,34.2,250,,
18/03/2014,3,OUTONO,RIO GRANDE DO NORTE,JOSÉ JARDEL,8.1,-5.444175,-35.205713,13.78,8.88,45,1823.1,CASCALHO,8,4430,Rhizoprionodon porosus,41.2,33.4,310,,
8/4/2014,4,OUTONO,RIO GRANDE DO NORTE,,7.5,-6.374260504,-34.92547031,16.85,7.189,70,5180.4,PEDRA,12,13811,Scomberomorus brasiliensis,48.5,42.5,553,,
8/4/2014,4,OUTONO,RIO GRANDE DO NORTE,,7.5,-6.374260504,-34.92547031,16.85,7.189,70,5180.4,PEDRA,12,13811,Scomberomorus brasiliensis,50,43,590,,
8/4/2014,4,OUTONO,RIO GRANDE DO NORTE,,7.5,-6.374260504,-34.92547031,16.85,7.189,70,5180.4,PEDRA,12,13811,Scomberomorus brasiliensis,42.5,36.5,383,,
8/4/2014,4,OUTONO,RIO GRANDE DO NORTE,,7.5,-6.37669486,-34.92881091,18.9,6.827,70,14053.1,PEDRA,12,5904,Rhizoprionodon porosus,48,,692,M,
8/4/2014,4,OUTONO,RIO GRANDE DO NORTE,,7.5,-6.37669486,-34.92881091,18.9,6.827,70,14053.1,PEDRA,12,5904,Rhizoprionodon porosus,50,,522,M,
10/4/2014,4,OUTONO,RIO GRANDE DO NORTE,OSANE,6.6,-5.020527,-35.673404,"14,64","9,98",45,4861.2,CASCALHO,11,22344,Scomberomorus brasiliensis,"51,5",45.1,718,,
10/4/2014,4,OUTONO,RIO GRANDE DO NORTE,OSANE,6.6,-5.020527,-35.673404,"14,64","9,98",45,4861.2,CASCALHO,11,22344,Scomberomorus brasiliensis,47,40.5,528,,
10/4/2014,4,OUTONO,RIO GRANDE DO NORTE,OSANE,6.6,-5.020527,-35.673404,"14,64","9,98",45,4861.2,CASCALHO,11,22344,Scomberomorus brasiliensis,"48,5",40.6,530,,
10/4/2014,4,OUTONO,RIO GRANDE DO NORTE,OSANE,6.6,-5.020527,-35.673404,"14,64","9,98",45,4861.2,CASCALHO,11,22344,Scomberomorus brasiliensis,"52,5",45.5,699,,
10/4/2014,4,OUTONO,RIO GRANDE DO NORTE,OSANE,6.6,-5.020527,-35.673404,"14,64","9,98",45,4861.2,CASCALHO,11,22344,Scomberomorus brasiliensis,"51,8",45.4,673,,
10/4/2014,4,OUTONO,RIO GRANDE DO NORTE,OSANE,6.6,-5.020527,-35.673404,"14,64","9,98",45,4861.2,CASCALHO,11,22344,Scomberomorus brasiliensis,45,36,460,,
10/4/2014,4,OUTONO,RIO GRANDE DO NORTE,OSANE,6.6,-5.020527,-35.673404,"14,64","9,98",45,4861.2,CASCALHO,11,22344,Scomberomorus brasiliensis,"54,3",48.6,867,,
10/4/2014,4,OUTONO,RIO GRANDE DO NORTE,OSANE,6.6,-5.020527,-35.673404,"14,64","9,98",45,4861.2,CASCALHO,11,22344,Scomberomorus brasiliensis,"55,1",48.3,842,,
10/4/2014,4,OUTONO,RIO GRANDE DO NORTE,OSANE,6.6,-5.020527,-35.673404,"14,64","9,98",45,4861.2,CASCALHO,11,22344,Scomberomorus brasiliensis,"40,7",35.4,361,,
10/4/2014,4,OUTONO,RIO GRANDE DO NORTE,OSANE,6.6,-5.020527,-35.673404,"14,64","9,98",45,4861.2,CASCALHO,11,22344,Scomberomorus brasiliensis,56,49.3,907,,
10/4/2014,4,OUTONO,RIO GRANDE DO NORTE,OSANE,6.6,-5.020527,-35.673404,"14,64","9,98",45,4861.2,CASCALHO,11,22344,Scomberomorus brasiliensis,"55,9",48.8,836,,
10/4/2014,4,OUTONO,RIO GRANDE DO NORTE,OSANE,6.6,-5.020527,-35.673404,"14,64","9,98",45,4861.2,CASCALHO,11,22344,Scomberomorus brasiliensis,55,47.4,677,,
10/4/2014,4,OUTONO,RIO GRANDE DO NORTE,OSANE,6.6,-5.020527,-35.673404,"14,64","9,98",45,4861.2,CASCALHO,11,22344,Scomberomorus brasiliensis,45,38.4,428,,
10/4/2014,4,OUTONO,RIO GRANDE DO NORTE,OSANE,6.6,-5.020527,-35.673404,"14,64","9,98",45,4861.2,CASCALHO,11,22344,Scomberomorus brasiliensis,"48,3",43.1,582,,
10/4/2014,4,OUTONO,RIO GRANDE DO NORTE,OSANE,6.6,-5.020527,-35.673404,"14,64","9,98",45,4861.2,CASCALHO,11,22344,Scomberomorus brasiliensis,"48,5",43.7,685,,
10/4/2014,4,OUTONO,RIO GRANDE DO NORTE,OSANE,6.6,-5.020527,-35.673404,"14,64","9,98",45,4861.2,CASCALHO,11,22344,Scomberomorus brasiliensis,46,38.8,434,,
10/4/2014,4,OUTONO,RIO GRANDE DO NORTE,OSANE,6.6,-5.020527,-35.673404,"14,64","9,98",45,4861.2,CASCALHO,11,22344,Scomberomorus brasiliensis,50,44.2,613,,
10/4/2014,4,OUTONO,RIO GRANDE DO NORTE,OSANE,6.6,-5.020527,-35.673404,"14,64","9,98",45,4861.2,CASCALHO,11,22344,Scomberomorus brasiliensis,49,43.9,636,,
10/4/2014,4,OUTONO,RIO GRANDE DO NORTE,OSANE,6.6,-5.020527,-35.673404,"14,64","9,98",45,4861.2,CASCALHO,11,22344,Scomberomorus brasiliensis,"54,1",47.1,702,,
10/4/2014,4,OUTONO,RIO GRANDE DO NORTE,OSANE,6.6,-5.020527,-35.673404,"14,64","9,98",45,4861.2,CASCALHO,11,22344,Scomberomorus brasiliensis,"53,6",47.6,715,,
30/05/2014,5,OUTONO,RIO GRANDE DO NORTE,DIOGO,10,-4.991991,-36.243067,"9,48","11,48",45,5370.1,CASCALHO,"7,3",28177,Scomberomorus brasiliensis,"63,7",57.5,1261,,
30/05/2014,5,OUTONO,RIO GRANDE DO NORTE,DIOGO,10,-4.991991,-36.243067,"9,48","11,48",45,5370.1,CASCALHO,"7,3",28177,Scomberomorus brasiliensis,"43,2",37.4,400,,
30/05/2014,5,OUTONO,RIO GRANDE DO NORTE,DIOGO,10,-4.991991,-36.243067,"9,48","11,48",45,5370.1,CASCALHO,"7,3",28177,Scomberomorus brasiliensis,"46,2",40,505,,
30/05/2014,5,OUTONO,RIO GRANDE DO NORTE,DIOGO,10,-4.991991,-36.243067,"9,48","11,48",45,5370.1,CASCALHO,"7,3",28177,Scomberomorus brasiliensis,"49,3",43.1,613,,
30/05/2014,5,OUTONO,RIO GRANDE DO NORTE,DIOGO,10,-4.991991,-36.243067,"9,48","11,48",45,5370.1,CASCALHO,"7,3",28177,Scomberomorus brasiliensis,"48,7",43.1,634,,
30/05/2014,5,OUTONO,RIO GRANDE DO NORTE,DIOGO,10,-4.991991,-36.243067,"9,48","11,48",45,5370.1,CASCALHO,"7,3",28177,Scomberomorus brasiliensis,"43,8",38.5,431,,
30/05/2014,5,OUTONO,RIO GRANDE DO NORTE,DIOGO,10,-4.991991,-36.243067,"9,48","11,48",45,5370.1,CASCALHO,"7,3",28177,Scomberomorus brasiliensis,"59,5",55.4,1272,,
30/05/2014,5,OUTONO,RIO GRANDE DO NORTE,DIOGO,10,-4.991991,-36.243067,"9,48","11,48",45,5370.1,CASCALHO,"7,3",28177,Scomberomorus brasiliensis,"44,5",38.7,510,,
30/05/2014,5,OUTONO,RIO GRANDE DO NORTE,DIOGO,10,-4.991991,-36.243067,"9,48","11,48",45,5370.1,CASCALHO,"7,3",28177,Scomberomorus brasiliensis,"52,6",47.4,767,,
30/05/2014,5,OUTONO,RIO GRANDE DO NORTE,DIOGO,10,-4.991991,-36.243067,"9,48","11,48",45,5370.1,CASCALHO,"7,3",28177,Scomberomorus brasiliensis,"57,4",50.3,957,,
30/05/2014,5,OUTONO,RIO GRANDE DO NORTE,DIOGO,10,-4.991991,-36.243067,"9,48","11,48",45,5370.1,CASCALHO,"7,3",28177,Scomberomorus brasiliensis,"45,3",40.1,495,,
30/05/2014,5,OUTONO,RIO GRANDE DO NORTE,DIOGO,10,-4.991991,-36.243067,"9,48","11,48",45,5370.1,CASCALHO,"7,3",28177,Scomberomorus brasiliensis,43,38.1,380,,
30/05/2014,5,OUTONO,RIO GRANDE DO NORTE,DIOGO,10,-4.991991,-36.243067,"9,48","11,48",45,5370.1,CASCALHO,"7,3",28177,Scomberomorus brasiliensis,53,47.3,765,,
30/05/2014,5,OUTONO,RIO GRANDE DO NORTE,DIOGO,10,-4.991991,-36.243067,"9,48","11,48",45,5370.1,CASCALHO,"7,3",28177,Scomberomorus brasiliensis,"45,7",39.4,418,,
30/05/2014,5,OUTONO,RIO GRANDE DO NORTE,DIOGO,10,-4.991991,-36.243067,"9,48","11,48",45,5370.1,CASCALHO,"7,3",28177,Scomberomorus brasiliensis,"46,5",40.2,528,,
30/05/2014,5,OUTONO,RIO GRANDE DO NORTE,DIOGO,10,-4.991991,-36.243067,"9,48","11,48",45,5370.1,CASCALHO,"7,3",28177,Scomberomorus brasiliensis,"44,3",38.4,445,,
30/05/2014,5,OUTONO,RIO GRANDE DO NORTE,DIOGO,10,-4.991991,-36.243067,"9,48","11,48",45,5370.1,CASCALHO,"7,3",28177,Scomberomorus brasiliensis,"39,9",34.9,355,,
30/05/2014,5,OUTONO,RIO GRANDE DO NORTE,DIOGO,10,-4.991991,-36.243067,"9,48","11,48",45,5370.1,CASCALHO,"7,3",28177,Scomberomorus brasiliensis,"46,5",42,569,,
30/05/2014,5,OUTONO,RIO GRANDE DO NORTE,DIOGO,10,-4.991991,-36.243067,"9,48","11,48",45,5370.1,CASCALHO,"7,3",28177,Scomberomorus brasiliensis,"44,2",39.7,456,,
30/05/2014,5,OUTONO,RIO GRANDE DO NORTE,DIOGO,10,-4.987127,-36.254013,"8,97","12,01",45,3698.9,CASCALHO,"7,3",28994,Scomberomorus brasiliensis,"44,5",38,460,,
30/05/2014,5,OUTONO,RIO GRANDE DO NORTE,DIOGO,10,-4.987127,-36.254013,"8,97","12,01",45,3698.9,CASCALHO,"7,3",28994,Scomberomorus brasiliensis,"43,2",37.5,455,,
30/05/2014,5,OUTONO,RIO GRANDE DO NORTE,DIOGO,10,-4.987127,-36.254013,"8,97","12,01",45,3698.9,CASCALHO,"7,3",28994,Scomberomorus brasiliensis,"62,3",53,1059,,
30/05/2014,5,OUTONO,RIO GRANDE DO NORTE,DIOGO,10,-4.987127,-36.254013,"8,97","12,01",45,3698.9,CASCALHO,"7,3",28994,Scomberomorus brasiliensis,"47,6",41.3,590,,
30/05/2014,5,OUTONO,RIO GRANDE DO NORTE,DIOGO,10,-4.987127,-36.254013,"8,97","12,01",45,3698.9,CASCALHO,"7,3",28994,Scomberomorus brasiliensis,42,38,439,,
30/05/2014,5,OUTONO,RIO GRANDE DO NORTE,DIOGO,10,-4.987127,-36.254013,"8,97","12,01",45,3698.9,CASCALHO,"7,3",28994,Scomberomorus brasiliensis,"44,9",40.3,490,,
30/05/2014,5,OUTONO,RIO GRANDE DO NORTE,DIOGO,10,-4.987127,-36.254013,"8,97","12,01",45,3698.9,CASCALHO,"7,3",28994,Scomberomorus brasiliensis,"45,3",40.2,499,,
30/05/2014,5,OUTONO,RIO GRANDE DO NORTE,DIOGO,10,-4.987127,-36.254013,"8,97","12,01",45,3698.9,CASCALHO,"7,3",28994,Scomberomorus brasiliensis,"51,5",45,773,,
30/05/2014,5,OUTONO,RIO GRANDE DO NORTE,DIOGO,10,-4.987127,-36.254013,"8,97","12,01",45,3698.9,CASCALHO,"7,3",28994,Scomberomorus brasiliensis,43,37.6,415,,
30/05/2014,5,OUTONO,RIO GRANDE DO NORTE,DIOGO,10,-4.987127,-36.254013,"8,97","12,01",45,3698.9,CASCALHO,"7,3",28994,Scomberomorus brasiliensis,"42,5",37,441,,
30/05/2014,5,OUTONO,RIO GRANDE DO NORTE,DIOGO,10,-4.987127,-36.254013,"8,97","12,01",45,3698.9,CASCALHO,"7,3",28994,Scomberomorus brasiliensis,42,37,443,,
30/05/2014,5,OUTONO,RIO GRANDE DO NORTE,DIOGO,10,-4.987127,-36.254013,"8,97","12,01",45,3698.9,CASCALHO,"7,3",28994,Scomberomorus brasiliensis,"46,2",40.5,551,,
30/05/2014,5,OUTONO,RIO GRANDE DO NORTE,DIOGO,10,-4.987127,-36.254013,"8,97","12,01",45,3698.9,CASCALHO,"7,3",28994,Scomberomorus brasiliensis,"45,2",39,478,,
30/05/2014,5,OUTONO,RIO GRANDE DO NORTE,DIOGO,10,-4.987127,-36.254013,"8,97","12,01",45,3698.9,CASCALHO,"7,3",28994,Scomberomorus brasiliensis,"47,1",41.5,558,,
30/05/2014,5,OUTONO,RIO GRANDE DO NORTE,DIOGO,10,-4.987127,-36.254013,"8,97","12,01",45,3698.9,CASCALHO,"7,3",28994,Scomberomorus brasiliensis,"42,5",37,428,,
30/05/2014,5,OUTONO,RIO GRANDE DO NORTE,DIOGO,10,-4.987127,-36.254013,"8,97","12,01",45,3698.9,CASCALHO,"7,3",28994,Scomberomorus brasiliensis,43,37.5,468,,
30/05/2014,5,OUTONO,RIO GRANDE DO NORTE,DIOGO,10,-4.987127,-36.254013,"8,97","12,01",45,3698.9,CASCALHO,"7,3",28994,Scomberomorus brasiliensis,48,41.5,582,,
30/05/2014,5,OUTONO,RIO GRANDE DO NORTE,DIOGO,10,-4.987127,-36.254013,"8,97","12,01",45,3698.9,CASCALHO,"7,3",28994,Scomberomorus brasiliensis,"47,4",41,586,,
30/05/2014,5,OUTONO,RIO GRANDE DO NORTE,DIOGO,10,-4.987127,-36.254013,"8,97","12,01",45,3698.9,CASCALHO,"7,3",28994,Scomberomorus brasiliensis,"43,6",38.5,430,,
30/05/2014,5,OUTONO,RIO GRANDE DO NORTE,DIOGO,10,-4.987127,-36.254013,"8,97","12,01",45,3698.9,CASCALHO,"7,3",28994,Scomberomorus brasiliensis,"42,2",36.5,404,,
30/05/2014,5,OUTONO,RIO GRANDE DO NORTE,DIOGO,10,-4.987127,-36.254013,"8,97","12,01",45,3698.9,CASCALHO,"7,3",28994,Scomberomorus brasiliensis,"42,5",37.5,391,,
30/05/2014,5,OUTONO,RIO GRANDE DO NORTE,DIOGO,10,-4.987127,-36.254013,"8,97","12,01",45,3698.9,CASCALHO,"7,3",28994,Scomberomorus brasiliensis,"42,4",36.5,398,,
30/05/2014,5,OUTONO,RIO GRANDE DO NORTE,DIOGO,10,-4.987127,-36.254013,"8,97","12,01",45,3698.9,CASCALHO,"7,3",28994,Scomberomorus brasiliensis,"43,5",38,480,,
30/05/2014,5,OUTONO,RIO GRANDE DO NORTE,DIOGO,10,-4.987127,-36.254013,"8,97","12,01",45,3698.9,CASCALHO,"7,3",28994,Scomberomorus brasiliensis,"42,7",37.9,413,,
30/05/2014,5,OUTONO,RIO GRANDE DO NORTE,DIOGO,10,-4.987127,-36.254013,"8,97","12,01",45,3698.9,CASCALHO,"7,3",28994,Scomberomorus brasiliensis,"45,2",39.5,456,,
30/05/2014,5,OUTONO,RIO GRANDE DO NORTE,DIOGO,10,-4.987127,-36.254013,"8,97","12,01",45,3698.9,CASCALHO,"7,3",28994,Scomberomorus brasiliensis,44,38.3,472,,
30/05/2014,5,OUTONO,RIO GRANDE DO NORTE,DIOGO,10,-4.987127,-36.254013,"8,97","12,01",45,3698.9,CASCALHO,"7,3",28994,Scomberomorus brasiliensis,"44,3",39,454,,
30/05/2014,5,OUTONO,RIO GRANDE DO NORTE,DIOGO,10,-4.987127,-36.254013,"8,97","12,01",45,3698.9,CASCALHO,"7,3",28994,Scomberomorus brasiliensis,"44,2",39,419,,
30/05/2014,5,OUTONO,RIO GRANDE DO NORTE,DIOGO,10,-4.987127,-36.254013,"8,97","12,01",45,3698.9,CASCALHO,"7,3",28994,Scomberomorus brasiliensis,"42,6",37,435,,
30/05/2014,5,OUTONO,RIO GRANDE DO NORTE,DIOGO,10,-4.987127,-36.254013,"8,97","12,01",45,3698.9,CASCALHO,"7,3",28994,Scomberomorus brasiliensis,"50,5",45,677,,
30/05/2014,5,OUTONO,RIO GRANDE DO NORTE,DIOGO,10,-4.987127,-36.254013,"8,97","12,01",45,3698.9,CASCALHO,"7,3",28994,Scomberomorus brasiliensis,"45,6",40,505,,
30/05/2014,5,OUTONO,RIO GRANDE DO NORTE,DIOGO,10,-4.987127,-36.254013,"8,97","12,01",45,3698.9,CASCALHO,"7,3",28994,Scomberomorus brasiliensis,"45,2",39,496,,
30/05/2014,5,OUTONO,RIO GRANDE DO NORTE,DIOGO,10,-4.987127,-36.254013,"8,97","12,01",45,3698.9,CASCALHO,"7,3",28994,Scomberomorus brasiliensis,"46,1",40,496,,
10/6/2014,6,OUTONO,RIO GRANDE DO NORTE,SERRA IV,9.5,-5.145122,-35.358363,14.84,10.71,45,4237.2,CASCALHO,6.3,11871,Scomberomorus brasiliensis,"60,6",55,1420,,
10/6/2014,6,OUTONO,RIO GRANDE DO NORTE,SERRA IV,9.5,-5.145122,-35.358363,14.84,10.71,45,4237.2,CASCALHO,6.3,11871,Scomberomorus brasiliensis,"53,5",46.1,761,,
10/6/2014,6,OUTONO,RIO GRANDE DO NORTE,SERRA IV,9.5,-5.145122,-35.358363,14.84,10.71,45,4237.2,CASCALHO,6.3,11871,Scomberomorus brasiliensis,"49,1",43.9,535,,
10/6/2014,6,OUTONO,RIO GRANDE DO NORTE,SERRA IV,9.5,-5.145122,-35.358363,14.84,10.71,45,4237.2,CASCALHO,6.3,11871,Scomberomorus brasiliensis,"43,7",37.6,433,,
10/6/2014,6,OUTONO,RIO GRANDE DO NORTE,SERRA IV,9.5,-5.145122,-35.358363,14.84,10.71,45,4237.2,CASCALHO,6.3,11871,Scomberomorus brasiliensis,45,39.3,468,,
10/6/2014,6,OUTONO,RIO GRANDE DO NORTE,SERRA IV,9.5,-5.145122,-35.358363,14.84,10.71,45,4237.2,CASCALHO,6.3,11871,Scomberomorus brasiliensis,"54,1",47.7,816,,
10/6/2014,6,OUTONO,RIO GRANDE DO NORTE,SERRA IV,9.5,-5.145122,-35.358363,14.84,10.71,45,4237.2,CASCALHO,6.3,11871,Scomberomorus brasiliensis,52,46.5,753,,
10/6/2014,6,OUTONO,RIO GRANDE DO NORTE,SERRA IV,9.5,-5.138132,-35.362288,14.76,10.95,45,3488.5,CASCALHO,6.3,9080,Scomberomorus brasiliensis,"50,5",43,596,,
10/6/2014,6,OUTONO,RIO GRANDE DO NORTE,SERRA IV,9.5,-5.138132,-35.362288,14.76,10.95,45,3488.5,CASCALHO,6.3,9080,Scomberomorus brasiliensis,50,43.3,756,,
10/6/2014,6,OUTONO,RIO GRANDE DO NORTE,SERRA IV,9.5,-5.138132,-35.362288,14.76,10.95,45,3488.5,CASCALHO,6.3,9080,Scomberomorus brasiliensis,"43,3",37.5,420,,
10/6/2014,6,OUTONO,RIO GRANDE DO NORTE,SERRA IV,9.5,-5.138132,-35.362288,14.76,10.95,45,3488.5,CASCALHO,6.3,9080,Scomberomorus brasiliensis,"42,2",37.5,465,,
10/6/2014,6,OUTONO,RIO GRANDE DO NORTE,SERRA IV,9.5,-5.138132,-35.362288,14.76,10.95,45,3488.5,CASCALHO,6.3,9080,Scomberomorus brasiliensis,"60,1",52.6,1187,,
10/6/2014,6,OUTONO,RIO GRANDE DO NORTE,SERRA IV,9.5,-5.138132,-35.362288,14.76,10.95,45,3488.5,CASCALHO,6.3,9080,Scomberomorus brasiliensis,"41,1",36,403,,
10/6/2014,6,OUTONO,RIO GRANDE DO NORTE,SERRA IV,9.5,-5.138132,-35.362288,14.76,10.95,45,3488.5,CASCALHO,6.3,9080,Scomberomorus brasiliensis,"49,5",41.5,612,,
10/6/2014,6,OUTONO,RIO GRANDE DO NORTE,SERRA IV,9.5,-5.138132,-35.362288,14.76,10.95,45,3488.5,CASCALHO,6.3,9080,Scomberomorus brasiliensis,"43,5",37.5,421,,
23/05/2014,5,OUTONO,RIO GRANDE DO NORTE,JOSÉ JARDEL,8.5,-5.447943024,-35.1829332,15.05,9.41,70,5853.1,CASCALHO,6,20096,Scomberomorus brasiliensis,51,45,705,,
23/05/2014,5,OUTONO,RIO GRANDE DO NORTE,JOSÉ JARDEL,8.5,-5.447943024,-35.1829332,15.05,9.41,70,5853.1,CASCALHO,6,20096,Scomberomorus brasiliensis,49,43,630,,
23/05/2014,5,OUTONO,RIO GRANDE DO NORTE,JOSÉ JARDEL,8.5,-5.447943024,-35.1829332,15.05,9.41,70,5853.1,CASCALHO,6,20096,Scomberomorus brasiliensis,55,47.5,730,,
23/05/2014,5,OUTONO,RIO GRANDE DO NORTE,JOSÉ JARDEL,8.5,-5.447943024,-35.1829332,15.05,9.41,70,5853.1,CASCALHO,6,20096,Scomberomorus brasiliensis,54.5,48,687,,
23/05/2014,5,OUTONO,RIO GRANDE DO NORTE,JOSÉ JARDEL,8.5,-5.447943024,-35.1829332,15.05,9.41,70,5853.1,CASCALHO,6,20096,Scomberomorus brasiliensis,58.5,51,1010,,
23/05/2014,5,OUTONO,RIO GRANDE DO NORTE,JOSÉ JARDEL,8.5,-5.447943024,-35.1829332,15.05,9.41,70,5853.1,CASCALHO,6,20096,Scomberomorus brasiliensis,52,47.5,800,,
23/05/2014,5,OUTONO,RIO GRANDE DO NORTE,JOSÉ JARDEL,8.5,-5.447943024,-35.1829332,15.05,9.41,70,5853.1,CASCALHO,6,20096,Scomberomorus brasiliensis,49,42.5,620,,
23/05/2014,5,OUTONO,RIO GRANDE DO NORTE,JOSÉ JARDEL,8.5,-5.447943024,-35.1829332,15.05,9.41,70,5853.1,CASCALHO,6,20096,Scomberomorus brasiliensis,47.5,40.5,510,,
23/05/2014,5,OUTONO,RIO GRANDE DO NORTE,JOSÉ JARDEL,8.5,-5.447943024,-35.1829332,15.05,9.41,70,5853.1,CASCALHO,6,20096,Rhizoprionodon porosus,42,,310,M,
23/05/2014,5,OUTONO,RIO GRANDE DO NORTE,JOSÉ JARDEL,8.5,-5.447943024,-35.1829332,15.05,9.41,70,5853.1,CASCALHO,6,20096,Rhizoprionodon porosus,43,,306,F,
23/05/2014,5,OUTONO,RIO GRANDE DO NORTE,JOSÉ JARDEL,8.5,-5.434733564,-35.18580828,14.1,9.802,70,2286.1,CASCALHO,6,7444,Scomberomorus brasiliensis,46.5,40.5,514,,
23/05/2014,5,OUTONO,RIO GRANDE DO NORTE,JOSÉ JARDEL,8.5,-5.434733564,-35.18580828,14.1,9.802,70,2286.1,CASCALHO,6,7444,Scomberomorus brasiliensis,46.5,40.5,519,,
23/05/2014,5,OUTONO,RIO GRANDE DO NORTE,JOSÉ JARDEL,8.5,-5.434733564,-35.18580828,14.1,9.802,70,2286.1,CASCALHO,6,7444,Scomberomorus brasiliensis,49,42.5,644,,
23/05/2014,5,OUTONO,RIO GRANDE DO NORTE,JOSÉ JARDEL,8.5,-5.434733564,-35.18580828,14.1,9.802,70,2286.1,CASCALHO,6,7444,Scomberomorus brasiliensis,64,56,1420,,
23/05/2014,5,OUTONO,RIO GRANDE DO NORTE,JOSÉ JARDEL,8.5,-5.441912916,-35.18593887,14.5,9.38,70,4195.5,CASCALHO,6,21300,Scomberomorus brasiliensis,43,37.5,386,,
23/05/2014,5,OUTONO,RIO GRANDE DO NORTE,JOSÉ JARDEL,8.5,-5.441912916,-35.18593887,14.5,9.38,70,4195.5,CASCALHO,6,21300,Scomberomorus brasiliensis,47,40.5,514,,
23/05/2014,5,OUTONO,RIO GRANDE DO NORTE,JOSÉ JARDEL,8.5,-5.441912916,-35.18593887,14.5,9.38,70,4195.5,CASCALHO,6,21300,Rhizoprionodon porosus,45,,444,F,
24/06/2014,6,OUTONO,RIO GRANDE DO NORTE,100% Jesus,8,-6.210385,-34.999146,17.45,4.977,45,12276,CASCALHO,3,27893,Scomberomorus brasiliensis,61,53.5,1273,,
24/06/2014,6,OUTONO,RIO GRANDE DO NORTE,100% Jesus,8,-6.210385,-34.999146,17.45,4.977,45,12276,CASCALHO,3,27893,Scomberomorus brasiliensis,71,62,1820,,
24/06/2014,6,OUTONO,RIO GRANDE DO NORTE,100% Jesus,8,-6.210385,-34.999146,17.45,4.977,45,12276,CASCALHO,3,27893,Scomberomorus brasiliensis,59,51,1055,,
24/06/2014,6,OUTONO,RIO GRANDE DO NORTE,100% Jesus,8,-6.210385,-34.999146,17.45,4.977,45,12276,CASCALHO,3,27893,Scomberomorus brasiliensis,51.5,43.5,655,,
24/06/2014,6,OUTONO,RIO GRANDE DO NORTE,100% Jesus,8,-6.210385,-34.999146,17.45,4.977,45,12276,CASCALHO,3,27893,Scomberomorus brasiliensis,67,58,1534,,
24/06/2014,6,OUTONO,RIO GRANDE DO NORTE,100% Jesus,8,-6.210385,-34.999146,17.45,4.977,45,12276,CASCALHO,3,27893,Scomberomorus brasiliensis,47.5,40.5,540,,
24/06/2014,6,OUTONO,RIO GRANDE DO NORTE,100% Jesus,8,-6.210385,-34.999146,17.45,4.977,45,12276,CASCALHO,3,27893,Scomberomorus brasiliensis,60,52,1076,,
24/06/2014,6,OUTONO,RIO GRANDE DO NORTE,100% Jesus,8,-6.210385,-34.999146,17.45,4.977,45,12276,CASCALHO,3,27893,Scomberomorus brasiliensis,52,44,697,,
24/06/2014,6,OUTONO,RIO GRANDE DO NORTE,100% Jesus,8,-6.210385,-34.999146,17.45,4.977,45,12276,CASCALHO,3,27893,Scomberomorus brasiliensis,48.5,42,563,,
24/06/2014,6,OUTONO,RIO GRANDE DO NORTE,100% Jesus,8,-6.210385,-34.999146,17.45,4.977,45,12276,CASCALHO,3,27893,Scomberomorus brasiliensis,53.5,47,708,,
24/06/2014,6,OUTONO,RIO GRANDE DO NORTE,100% Jesus,8,-6.210385,-34.999146,17.45,4.977,45,12276,CASCALHO,3,27893,Scomberomorus brasiliensis,52,44,663,,
24/06/2014,6,OUTONO,RIO GRANDE DO NORTE,100% Jesus,8,-6.210385,-34.999146,17.45,4.977,45,12276,CASCALHO,3,27893,Scomberomorus brasiliensis,78.5,67,2314,,
23/08/2010,8,INVERNO,PERNAMBUCO,O SR VIVE,7,-8.195398,-34.859175,21,6.69,45,7478.625,CASCALHO,5,26.65,Scomberomorus brasiliensis,58.2,50.9,1150,F,D
23/08/2010,8,INVERNO,PERNAMBUCO,O SR VIVE,7,-8.195398,-34.859175,21,6.69,45,7478.625,CASCALHO,5,26.65,Rhizoprionodon porosus,84.5,68.3,2730,M,
23/08/2010,8,INVERNO,PERNAMBUCO,O SR VIVE,7,-8.195398,-34.859175,21,6.69,45,7478.625,CASCALHO,5,26.65,Rhizoprionodon porosus,58.5,46.9,980,M,
23/08/2010,8,INVERNO,PERNAMBUCO,O SR VIVE,7,-8.195398,-34.859175,21,6.69,45,7478.625,CASCALHO,5,26.65,Rhizoprionodon porosus,50,41,580,M,
23/08/2010,8,INVERNO,PERNAMBUCO,O SR VIVE,7,-8.195398,-34.859175,21,6.69,45,7478.625,CASCALHO,5,26.65,Rhizoprionodon porosus,49.3,39.5,520,M,
23/08/2010,8,INVERNO,PERNAMBUCO,O SR VIVE,7,-8.195398,-34.859175,21,6.69,45,7478.625,CASCALHO,5,26.65,Rhizoprionodon porosus,50,39.9,600,F,
8/27/2010,8,INVERNO,PERNAMBUCO,O SR VIVE,7,-8.202837,-34.774478,31,15.78,45,13299,PEDRA,11,48.105,Scomberomorus brasiliensis,71.5,64.5,2320,F,D
8/27/2010,8,INVERNO,PERNAMBUCO,O SR VIVE,7,-8.202837,-34.774478,31,15.78,45,13299,PEDRA,11,48.105,Scomberomorus brasiliensis,54,47.5,690,F,A
8/27/2010,8,INVERNO,PERNAMBUCO,O SR VIVE,7,-8.202837,-34.774478,31,15.78,45,13299,PEDRA,11,48.105,Rhizoprionodon porosus,79.5,65.3,2035,F,
9/15/2010,9,INVERNO,PERNAMBUCO,SOLIDAR,8.5,-7.949052,-34.611032,42.5,23.18,45,35547,PEDRA,16,195.765,Rhizoprionodon porosus,,60,1620,F,
9/15/2010,9,INVERNO,PERNAMBUCO,SOLIDAR,8.5,-7.949052,-34.611032,42.5,23.18,45,35547,PEDRA,16,195.765,Rhizoprionodon porosus,,55,1160,F,
9/15/2010,9,INVERNO,PERNAMBUCO,SOLIDAR,8.5,-7.949052,-34.611032,42.5,23.18,45,35547,PEDRA,16,195.765,Rhizoprionodon porosus,,56.4,1260,F,
9/15/2010,9,INVERNO,PERNAMBUCO,SOLIDAR,8.5,-7.949052,-34.611032,42.5,23.18,45,35547,PEDRA,16,195.765,Rhizoprionodon porosus,,55.5,1260,F,
9/15/2010,9,INVERNO,PERNAMBUCO,SOLIDAR,8.5,-7.949052,-34.611032,42.5,23.18,45,35547,PEDRA,16,195.765,Rhizoprionodon porosus,,56.9,1140,F,
9/15/2010,9,INVERNO,PERNAMBUCO,SOLIDAR,8.5,-7.949052,-34.611032,42.5,23.18,45,35547,PEDRA,16,195.765,Rhizoprionodon porosus,,50.9,880,F,
10/7/2010,10,PRIMAVERA,PERNAMBUCO,BOA ESPERANÇA,9,-8.772293,-35.023634,25.6,7.96,45,8244.15,PEDRA,11,17460,Scomberomorus brasiliensis,46.5,40.2,500,,
10/7/2010,10,PRIMAVERA,PERNAMBUCO,BOA ESPERANÇA,9,-8.772293,-35.023634,25.6,7.96,45,8244.15,PEDRA,11,17460,Scomberomorus brasiliensis,44.5,39.2,510,,
10/7/2010,10,PRIMAVERA,PERNAMBUCO,BOA ESPERANÇA,9,-8.772293,-35.023634,25.6,7.96,45,8244.15,PEDRA,11,17460,Scomberomorus brasiliensis,45.5,39,500,,
10/7/2010,10,PRIMAVERA,PERNAMBUCO,BOA ESPERANÇA,9,-8.772293,-35.023634,25.6,7.96,45,8244.15,PEDRA,11,17460,Scomberomorus brasiliensis,50.5,44.5,600,,
10/7/2010,10,PRIMAVERA,PERNAMBUCO,BOA ESPERANÇA,9,-8.772293,-35.023634,25.6,7.96,45,8244.15,PEDRA,11,17460,Scomberomorus brasiliensis,46.5,40.5,530,,
10/7/2010,10,PRIMAVERA,PERNAMBUCO,BOA ESPERANÇA,9,-8.772293,-35.023634,25.6,7.96,45,8244.15,PEDRA,11,17460,Rhizoprionodon porosus,66.5,54,1260,M,
10/7/2010,10,PRIMAVERA,PERNAMBUCO,BOA ESPERANÇA,9,-8.772293,-35.023634,25.6,7.96,45,8244.15,PEDRA,11,17460,Rhizoprionodon porosus,68,54.5,1320,M,
8/24/2010,8,INVERNO,PERNAMBUCO,O SR VIVE,7,-8.207634,-34.89763,15,2.2,45,9279.6,LAMA,3,21.833,Scomberomorus brasiliensis,57.6,51,1170,F,B
8/24/2010,8,INVERNO,PERNAMBUCO,O SR VIVE,7,-8.207634,-34.89763,15,2.2,45,9279.6,LAMA,3,21.833,Rhizoprionodon porosus,40,31.5,295,F,
9/3/2010,9,INVERNO,PERNAMBUCO,TEIMOSO,8,-7.703289,-34.764888,15.5,7.21,45,4356,CASCALHO,4,11.93,Scomberomorus brasiliensis,57,49.7,1070,F,B
9/3/2010,9,INVERNO,PERNAMBUCO,TEIMOSO,8,-7.703289,-34.764888,15.5,7.21,45,4356,CASCALHO,4,11.93,Scomberomorus brasiliensis,48,41.8,640,F,B
9/8/2010,9,INVERNO,PERNAMBUCO,SOLIDAR,8.5,-7.904451,-34.748677,28,8.4,45,10982,PEDRA,4,54.45,Scomberomorus brasiliensis,48,41.3,600,,
9/8/2010,9,INVERNO,PERNAMBUCO,SOLIDAR,8.5,-7.904451,-34.748677,28,8.4,45,10982,PEDRA,4,54.45,Scomberomorus brasiliensis,48.5,42.6,670,,
9/8/2010,9,INVERNO,PERNAMBUCO,SOLIDAR,8.5,-7.904451,-34.748677,28,8.4,45,10982,PEDRA,4,54.45,Scomberomorus brasiliensis,52,45.5,740,,
9/8/2010,9,INVERNO,PERNAMBUCO,SOLIDAR,8.5,-7.904451,-34.748677,28,8.4,45,10982,PEDRA,4,54.45,Scomberomorus brasiliensis,42.5,37.3,460,,
9/8/2010,9,INVERNO,PERNAMBUCO,SOLIDAR,8.5,-7.904451,-34.748677,28,8.4,45,10982,PEDRA,4,54.45,Scomberomorus brasiliensis,43.5,38,470,,
9/8/2010,9,INVERNO,PERNAMBUCO,SOLIDAR,8.5,-7.904451,-34.748677,28,8.4,45,10982,PEDRA,4,54.45,Rhizoprionodon porosus,52,42,640,M,
9/8/2010,9,INVERNO,PERNAMBUCO,SOLIDAR,8.5,-7.904451,-34.748677,28,8.4,45,10982,PEDRA,4,54.45,Rhizoprionodon porosus,51,42,580,M,
9/8/2010,9,INVERNO,PERNAMBUCO,SOLIDAR,8.5,-7.904451,-34.748677,28,8.4,45,10982,PEDRA,4,54.45,Rhizoprionodon porosus,56,46.2,870,M,
9/1/2010,9,INVERNO,PERNAMBUCO,TEIMOSO,8,-7.615698,-34.711887,23,10.11,45,4536,CASCALHO,6,52.95,Scomberomorus brasiliensis,41,36.5,420,,
9/1/2010,9,INVERNO,PERNAMBUCO,TEIMOSO,8,-7.615698,-34.711887,23,10.11,45,4536,CASCALHO,6,52.95,Scomberomorus brasiliensis,41,35.5,390,,
9/1/2010,9,INVERNO,PERNAMBUCO,TEIMOSO,8,-7.615698,-34.711887,23,10.11,45,4536,CASCALHO,6,52.95,Rhizoprionodon porosus,63.5,51.8,1030,M,
8/10/2010,10,PRIMAVERA,PERNAMBUCO,BOA ESPERANÇA,9,-8.837029,-35.094765,18.4,3.98,45,6392,LAMA,5,21540,Scomberomorus brasiliensis,43.8,38.2,510,,
8/10/2010,10,PRIMAVERA,PERNAMBUCO,BOA ESPERANÇA,9,-8.837029,-35.094765,18.4,3.98,45,6392,LAMA,5,21540,Scomberomorus brasiliensis,46.5,40,640,,
6/10/2010,10,PRIMAVERA,PERNAMBUCO,BOA ESPERANÇA,9,-8.785285,-34.997767,29.6,11.11,45,8460.39,AREIA,13,6570,Rhizoprionodon porosus,63.7,52,1180,M,
6/10/2010,10,PRIMAVERA,PERNAMBUCO,BOA ESPERANÇA,9,-8.785285,-34.997767,29.6,11.11,45,8460.39,AREIA,13,6570,Rhizoprionodon porosus,66.7,54,1330,M,
9/22/2010,9,INVERNO,PERNAMBUCO,VIEIRINHA,10,-8.501905,-34.938615,23.5,7.05,45,2862.29,PEDRA,9,7.45,Scomberomorus brasiliensis,45.5,40,480,,
9/22/2010,9,INVERNO,PERNAMBUCO,VIEIRINHA,10,-8.501905,-34.938615,23.5,7.05,45,2862.29,PEDRA,9,7.45,Scomberomorus brasiliensis,,,330,,
9/22/2010,9,INVERNO,PERNAMBUCO,VIEIRINHA,10,-8.501905,-34.938615,23.5,7.05,45,2862.29,PEDRA,9,7.45,Scomberomorus brasiliensis,49,42.6,590,,
9/22/2010,9,INVERNO,PERNAMBUCO,VIEIRINHA,10,-8.501905,-34.938615,23.5,7.05,45,2862.29,PEDRA,9,7.45,Scomberomorus brasiliensis,42.7,37,390,,
9/22/2010,9,INVERNO,PERNAMBUCO,VIEIRINHA,10,-8.501905,-34.938615,23.5,7.05,45,2862.29,PEDRA,9,7.45,Scomberomorus brasiliensis,43.5,37.6,460,,
9/22/2010,9,INVERNO,PERNAMBUCO,VIEIRINHA,10,-8.501905,-34.938615,23.5,7.05,45,2862.29,PEDRA,9,7.45,Scomberomorus brasiliensis,41.5,35.7,350,,
9/22/2010,9,INVERNO,PERNAMBUCO,VIEIRINHA,10,-8.501905,-34.938615,23.5,7.05,45,2862.29,PEDRA,9,7.45,Scomberomorus brasiliensis,43.3,37.6,420,,
9/22/2010,9,INVERNO,PERNAMBUCO,VIEIRINHA,10,-8.501905,-34.938615,23.5,7.05,45,2862.29,PEDRA,9,7.45,Scomberomorus brasiliensis,44.5,38,450,,
9/23/2010,9,INVERNO,PERNAMBUCO,VIEIRINHA,10,-8.502604,-34.87,33.5,13.85,45,4014.89,CASCALHO,13,77.86,Rhizoprionodon porosus,92.5,77,4470,F,6 f
9/23/2010,9,INVERNO,PERNAMBUCO,VIEIRINHA,10,-8.502604,-34.87,33.5,13.85,45,4014.89,CASCALHO,13,77.86,Rhizoprionodon porosus,86.5,71.5,3250,F,2 f
9/23/2010,9,INVERNO,PERNAMBUCO,VIEIRINHA,10,-8.502604,-34.87,33.5,13.85,45,4014.89,CASCALHO,13,77.86,Rhizoprionodon porosus,94.5,78.5,4100,F,5 f
9/23/2010,9,INVERNO,PERNAMBUCO,VIEIRINHA,10,-8.502604,-34.87,33.5,13.85,45,4014.89,CASCALHO,13,77.86,Rhizoprionodon porosus,87.5,72,3180,F,5 f
9/23/2010,9,INVERNO,PERNAMBUCO,VIEIRINHA,10,-8.502604,-34.87,33.5,13.85,45,4014.89,CASCALHO,13,77.86,Rhizoprionodon porosus,88.5,74.5,4460,F,
9/23/2010,9,INVERNO,PERNAMBUCO,VIEIRINHA,10,-8.502604,-34.87,33.5,13.85,45,4014.89,CASCALHO,13,77.86,Rhizoprionodon porosus,98,80.5,4700,F,5 f
9/23/2010,9,INVERNO,PERNAMBUCO,VIEIRINHA,10,-8.502604,-34.87,33.5,13.85,45,4014.89,CASCALHO,13,77.86,Rhizoprionodon porosus,85.5,70.5,3160,F,3 f
9/23/2010,9,INVERNO,PERNAMBUCO,VIEIRINHA,10,-8.502604,-34.87,33.5,13.85,45,4014.89,CASCALHO,13,77.86,Rhizoprionodon porosus,90.5,75.5,4860,F,7 f
9/23/2010,9,INVERNO,PERNAMBUCO,VIEIRINHA,10,-8.502604,-34.87,33.5,13.85,45,4014.89,CASCALHO,13,77.86,Rhizoprionodon porosus,63,51,1170,M,
9/23/2010,9,INVERNO,PERNAMBUCO,VIEIRINHA,10,-8.502604,-34.87,33.5,13.85,45,4014.89,CASCALHO,13,77.86,Rhizoprionodon porosus,95.5,78.5,4700,F,5 f
9/23/2010,9,INVERNO,PERNAMBUCO,VIEIRINHA,10,-8.502604,-34.87,33.5,13.85,45,4014.89,CASCALHO,13,77.86,Rhizoprionodon porosus,96,82,5700,F,5 f
9/23/2010,9,INVERNO,PERNAMBUCO,VIEIRINHA,10,-8.502604,-34.87,33.5,13.85,45,4014.89,CASCALHO,13,77.86,Rhizoprionodon porosus,98,81,3720,F,Desov.
9/23/2010,9,INVERNO,PERNAMBUCO,VIEIRINHA,10,-8.502604,-34.87,33.5,13.85,45,4014.89,CASCALHO,13,77.86,Rhizoprionodon porosus,89,74,4180,F,4 f
9/23/2010,9,INVERNO,PERNAMBUCO,VIEIRINHA,10,-8.502604,-34.87,33.5,13.85,45,4014.89,CASCALHO,13,77.86,Rhizoprionodon porosus,97.5,81,5380,F,6 f
9/23/2010,9,INVERNO,PERNAMBUCO,VIEIRINHA,10,-8.502604,-34.87,33.5,13.85,45,4014.89,CASCALHO,13,77.86,Rhizoprionodon porosus,96.5,80.5,5190,F,8 f
9/23/2010,9,INVERNO,PERNAMBUCO,VIEIRINHA,10,-8.502604,-34.87,33.5,13.85,45,4014.89,CASCALHO,13,77.86,Rhizoprionodon porosus,94.5,79.5,5320,F,
9/23/2010,9,INVERNO,PERNAMBUCO,VIEIRINHA,10,-8.502604,-34.87,33.5,13.85,45,4014.89,CASCALHO,13,77.86,Rhizoprionodon porosus,91,77,3870,F,
9/23/2010,9,INVERNO,PERNAMBUCO,VIEIRINHA,10,-8.502604,-34.87,33.5,13.85,45,4014.89,CASCALHO,13,77.86,Scomberomorus brasiliensis,56,47.5,720,,
9/23/2010,9,INVERNO,PERNAMBUCO,VIEIRINHA,10,-8.502604,-34.87,33.5,13.85,45,4014.89,CASCALHO,13,77.86,Scomberomorus brasiliensis,47,41,530,,
9/23/2010,9,INVERNO,PERNAMBUCO,VIEIRINHA,10,-8.502604,-34.87,33.5,13.85,45,4014.89,CASCALHO,13,77.86,Scomberomorus brasiliensis,43,38.5,480,,
9/23/2010,9,INVERNO,PERNAMBUCO,VIEIRINHA,10,-8.502604,-34.87,33.5,13.85,45,4014.89,CASCALHO,13,77.86,Scomberomorus brasiliensis,53.5,48,840,,
9/24/2010,9,INVERNO,PERNAMBUCO,VIEIRINHA,10,-8.499446,-34.961226,22.5,4.54,45,4187.78,LAMA,4,20710,Scomberomorus brasiliensis,51.5,45.5,730,,
10/11/2010,11,PRIMAVERA,PERNAMBUCO,TEIMOSO,8,-7.636672,-34.680385,28,15.67,45,4581.5,CASCALHO,13,37870,Rhizoprionodon porosus,71.3,58,1430,M,
10/11/2010,11,PRIMAVERA,PERNAMBUCO,TEIMOSO,8,-7.636672,-34.680385,28,15.67,45,4581.5,CASCALHO,13,37870,Rhizoprionodon porosus,67.8,55.5,1280,M,
10/11/2010,11,PRIMAVERA,PERNAMBUCO,TEIMOSO,8,-7.636672,-34.680385,28,15.67,45,4581.5,CASCALHO,13,37870,Rhizoprionodon porosus,68.2,55.5,1210,F,
10/11/2010,11,PRIMAVERA,PERNAMBUCO,TEIMOSO,8,-7.636672,-34.680385,28,15.67,45,4581.5,CASCALHO,13,37870,Rhizoprionodon porosus,63.5,51.1,1000,M,
10/11/2010,11,PRIMAVERA,PERNAMBUCO,TEIMOSO,8,-7.636672,-34.680385,28,15.67,45,4581.5,CASCALHO,13,37870,Rhizoprionodon porosus,65,52.3,1130,M,
10/11/2010,11,PRIMAVERA,PERNAMBUCO,TEIMOSO,8,-7.636672,-34.680385,28,15.67,45,4581.5,CASCALHO,13,37870,Rhizoprionodon porosus,70.2,57.1,1340,M,
10/11/2010,11,PRIMAVERA,PERNAMBUCO,TEIMOSO,8,-7.636672,-34.680385,28,15.67,45,4581.5,CASCALHO,13,37870,Rhizoprionodon porosus,71.3,58.5,1350,M,
10/11/2010,11,PRIMAVERA,PERNAMBUCO,TEIMOSO,8,-7.636672,-34.680385,28,15.67,45,4581.5,CASCALHO,13,37870,Rhizoprionodon porosus,69.5,56.5,1380,M,
10/11/2010,11,PRIMAVERA,PERNAMBUCO,TEIMOSO,8,-7.636672,-34.680385,28,15.67,45,4581.5,CASCALHO,13,37870,Rhizoprionodon porosus,62,50.5,970,M,
10/11/2010,11,PRIMAVERA,PERNAMBUCO,TEIMOSO,8,-7.636672,-34.680385,28,15.67,45,4581.5,CASCALHO,13,37870,Rhizoprionodon porosus,71,58,1260,F,
10/11/2010,11,PRIMAVERA,PERNAMBUCO,TEIMOSO,8,-7.636672,-34.680385,28,15.67,45,4581.5,CASCALHO,13,37870,Rhizoprionodon porosus,65.2,53,1080,M,
10/11/2010,11,PRIMAVERA,PERNAMBUCO,TEIMOSO,8,-7.636672,-34.680385,28,15.67,45,4581.5,CASCALHO,13,37870,Rhizoprionodon porosus,58.5,46.3,770,M,
10/11/2010,11,PRIMAVERA,PERNAMBUCO,TEIMOSO,8,-7.636672,-34.680385,28,15.67,45,4581.5,CASCALHO,13,37870,Rhizoprionodon porosus,56.5,44.7,660,M,
12/11/2010,11,PRIMAVERA,PERNAMBUCO,PAMELA,"6,2",-7.912467,-34.787739,18,3.96,45,9132.4,LAMA,4,15620,Scomberomorus brasiliensis,28.2,24.5,140,,
12/11/2010,11,PRIMAVERA,PERNAMBUCO,PAMELA,"6,2",-7.912467,-34.787739,18,3.96,45,9132.4,LAMA,4,15620,Rhizoprionodon porosus,57,45,790,M,
12/11/2010,11,PRIMAVERA,PERNAMBUCO,PAMELA,"6,2",-7.912467,-34.787739,18,3.96,45,9132.4,LAMA,4,15620,Rhizoprionodon porosus,38.5,30.2,230,M,
12/11/2010,11,PRIMAVERA,PERNAMBUCO,PAMELA,"6,2",-7.912467,-34.787739,18,3.96,45,9132.4,LAMA,4,15620,Rhizoprionodon porosus,46.5,37.2,380,M,
12/11/2010,11,PRIMAVERA,PERNAMBUCO,PAMELA,"6,2",-7.912467,-34.787739,18,3.96,45,9132.4,LAMA,4,15620,Rhizoprionodon porosus,39.5,32,250,M,
12/11/2010,11,PRIMAVERA,PERNAMBUCO,PAMELA,"6,2",-7.912467,-34.787739,18,3.96,45,9132.4,LAMA,4,15620,Rhizoprionodon porosus,40.2,32.2,270,M,
12/11/2010,11,PRIMAVERA,PERNAMBUCO,PAMELA,"6,2",-7.912467,-34.787739,18,3.96,45,9132.4,LAMA,4,15620,Rhizoprionodon porosus,36,28,170,M,
12/11/2010,11,PRIMAVERA,PERNAMBUCO,PAMELA,6.2,-7.937019,-34.695573,34.5,13.8,45,3015.97,AREIA,11,30302,Rhizoprionodon porosus,69,57,1430,M,
12/11/2010,11,PRIMAVERA,PERNAMBUCO,PAMELA,6.2,-7.937019,-34.695573,34.5,13.8,45,3015.97,AREIA,11,30302,Rhizoprionodon porosus,66.5,53.8,1110,M,
12/11/2010,11,PRIMAVERA,PERNAMBUCO,PAMELA,6.2,-7.937019,-34.695573,34.5,13.8,45,3015.97,AREIA,11,30302,Rhizoprionodon porosus,75.5,53,1160,M,
12/11/2010,11,PRIMAVERA,PERNAMBUCO,PAMELA,6.2,-7.937019,-34.695573,34.5,13.8,45,3015.97,AREIA,11,30302,Rhizoprionodon porosus,61,50.2,802,M,
12/11/2010,11,PRIMAVERA,PERNAMBUCO,PAMELA,6.2,-7.937019,-34.695573,34.5,13.8,45,3015.97,AREIA,11,30302,Rhizoprionodon porosus,77,63.5,1800,M,
12/11/2010,11,PRIMAVERA,PERNAMBUCO,PAMELA,6.2,-7.937019,-34.695573,34.5,13.8,45,3015.97,AREIA,11,30302,Rhizoprionodon porosus,70.2,58,1400,M,
12/11/2010,11,PRIMAVERA,PERNAMBUCO,PAMELA,6.2,-7.937019,-34.695573,34.5,13.8,45,3015.97,AREIA,11,30302,Rhizoprionodon porosus,64,52.5,840,M,
16/12/2010,12,PRIMAVERA,PERNAMBUCO,SÓ DEUS,8,-9.061083,-34.97325,40,25.28,45,11164.75,PEDRA,25,32398,Rhizoprionodon porosus,96,79.5,6200,F,
12/17/2010,12,PRIMAVERA,PERNAMBUCO,SÓ DEUS,8,-8.9466,-35.050714,32.25,11.53,45,15617.22,PEDRA,19,53198,Rhizoprionodon porosus,89,73.5,3120,F,
12/17/2010,12,PRIMAVERA,PERNAMBUCO,SÓ DEUS,8,-8.9466,-35.050714,32.25,11.53,45,15617.22,PEDRA,19,53198,Rhizoprionodon porosus,89,73.5,3580,F,
12/17/2010,12,PRIMAVERA,PERNAMBUCO,SÓ DEUS,8,-8.9466,-35.050714,32.25,11.53,45,15617.22,PEDRA,19,53198,Scomberomorus brasiliensis,48.5,42,532,,
2/23/2011,2,VERÃO,PERNAMBUCO,O SR VIVE,7,-8.224745,-34.89449,15.3,2.98,45,9348.3,Lama,5,86022,Scomberomorus brasiliensis,59,52.5,1090,,
2/23/2011,2,VERÃO,PERNAMBUCO,O SR VIVE,7,-8.224745,-34.89449,15.3,2.98,45,9348.3,Lama,5,86022,Scomberomorus brasiliensis,53,46.5,700,,
2/23/2011,2,VERÃO,PERNAMBUCO,O SR VIVE,7,-8.224745,-34.89449,15.3,2.98,45,9348.3,Lama,5,86022,Scomberomorus brasiliensis,52,45.5,770,,
2/23/2011,2,VERÃO,PERNAMBUCO,O SR VIVE,7,-8.224745,-34.89449,15.3,2.98,45,9348.3,Lama,5,86022,Scomberomorus brasiliensis,56,50.5,940,,
2/23/2011,2,VERÃO,PERNAMBUCO,O SR VIVE,7,-8.224745,-34.89449,15.3,2.98,45,9348.3,Lama,5,86022,Scomberomorus brasiliensis,54.5,48.5,870,,
2/23/2011,2,VERÃO,PERNAMBUCO,O SR VIVE,7,-8.224745,-34.89449,15.3,2.98,45,9348.3,Lama,5,86022,Scomberomorus brasiliensis,54,48.5,940,,
2/23/2011,2,VERÃO,PERNAMBUCO,O SR VIVE,7,-8.224745,-34.89449,15.3,2.98,45,9348.3,Lama,5,86022,Scomberomorus brasiliensis,52.5,46.5,740,,
2/23/2011,2,VERÃO,PERNAMBUCO,O SR VIVE,7,-8.224745,-34.89449,15.3,2.98,45,9348.3,Lama,5,86022,Scomberomorus brasiliensis,49,42.5,660,,
2/23/2011,2,VERÃO,PERNAMBUCO,O SR VIVE,7,-8.224745,-34.89449,15.3,2.98,45,9348.3,Lama,5,86022,Scomberomorus brasiliensis,56,50.5,990,,
2/23/2011,2,VERÃO,PERNAMBUCO,O SR VIVE,7,-8.224745,-34.89449,15.3,2.98,45,9348.3,Lama,5,86022,Scomberomorus brasiliensis,44.5,39,560,,
2/23/2011,2,VERÃO,PERNAMBUCO,O SR VIVE,7,-8.224745,-34.89449,15.3,2.98,45,9348.3,Lama,5,86022,Scomberomorus brasiliensis,48,43,610,,
2/23/2011,2,VERÃO,PERNAMBUCO,O SR VIVE,7,-8.224745,-34.89449,15.3,2.98,45,9348.3,Lama,5,86022,Scomberomorus brasiliensis,50,44,660,,
2/23/2011,2,VERÃO,PERNAMBUCO,O SR VIVE,7,-8.224745,-34.89449,15.3,2.98,45,9348.3,Lama,5,86022,Scomberomorus brasiliensis,52,46.5,700,,
2/23/2011,2,VERÃO,PERNAMBUCO,O SR VIVE,7,-8.224745,-34.89449,15.3,2.98,45,9348.3,Lama,5,86022,Scomberomorus brasiliensis,49,43,630,,
2/23/2011,2,VERÃO,PERNAMBUCO,O SR VIVE,7,-8.224745,-34.89449,15.3,2.98,45,9348.3,Lama,5,86022,Scomberomorus brasiliensis,56.5,50,1040,,
2/23/2011,2,VERÃO,PERNAMBUCO,O SR VIVE,7,-8.224745,-34.89449,15.3,2.98,45,9348.3,Lama,5,86022,Scomberomorus brasiliensis,55,48.5,1030,,
2/23/2011,2,VERÃO,PERNAMBUCO,O SR VIVE,7,-8.224745,-34.89449,15.3,2.98,45,9348.3,Lama,5,86022,Scomberomorus brasiliensis,62,53.5,880,,
2/23/2011,2,VERÃO,PERNAMBUCO,O SR VIVE,7,-8.224745,-34.89449,15.3,2.98,45,9348.3,Lama,5,86022,Scomberomorus brasiliensis,60,52,1060,,
2/23/2011,2,VERÃO,PERNAMBUCO,O SR VIVE,7,-8.224745,-34.89449,15.3,2.98,45,9348.3,Lama,5,86022,Scomberomorus brasiliensis,53,46,690,,
2/23/2011,2,VERÃO,PERNAMBUCO,O SR VIVE,7,-8.224745,-34.89449,15.3,2.98,45,9348.3,Lama,5,86022,Scomberomorus brasiliensis,54,48,780,,
2/23/2011,2,VERÃO,PERNAMBUCO,O SR VIVE,7,-8.224745,-34.89449,15.3,2.98,45,9348.3,Lama,5,86022,Scomberomorus brasiliensis,62,54,720,,
2/23/2011,2,VERÃO,PERNAMBUCO,O SR VIVE,7,-8.224745,-34.89449,15.3,2.98,45,9348.3,Lama,5,86022,Scomberomorus brasiliensis,54.5,47.5,770,,
2/23/2011,2,VERÃO,PERNAMBUCO,O SR VIVE,7,-8.224745,-34.89449,15.3,2.98,45,9348.3,Lama,5,86022,Scomberomorus brasiliensis,47,40.5,490,,
2/23/2011,2,VERÃO,PERNAMBUCO,O SR VIVE,7,-8.224745,-34.89449,15.3,2.98,45,9348.3,Lama,5,86022,Scomberomorus brasiliensis,49,42.5,560,,
2/23/2011,2,VERÃO,PERNAMBUCO,O SR VIVE,7,-8.224745,-34.89449,15.3,2.98,45,9348.3,Lama,5,86022,Scomberomorus brasiliensis,47,41.5,570,,
2/23/2011,2,VERÃO,PERNAMBUCO,O SR VIVE,7,-8.224745,-34.89449,15.3,2.98,45,9348.3,Lama,5,86022,Scomberomorus brasiliensis,55,48,811,,
2/23/2011,2,VERÃO,PERNAMBUCO,O SR VIVE,7,-8.224745,-34.89449,15.3,2.98,45,9348.3,Lama,5,86022,Scomberomorus brasiliensis,59,50.5,1160,,
2/23/2011,2,VERÃO,PERNAMBUCO,O SR VIVE,7,-8.224745,-34.89449,15.3,2.98,45,9348.3,Lama,5,86022,Scomberomorus brasiliensis,55,47.5,890,,
2/23/2011,2,VERÃO,PERNAMBUCO,O SR VIVE,7,-8.224745,-34.89449,15.3,2.98,45,9348.3,Lama,5,86022,Scomberomorus brasiliensis,55,48.5,1040,,
2/23/2011,2,VERÃO,PERNAMBUCO,O SR VIVE,7,-8.224745,-34.89449,15.3,2.98,45,9348.3,Lama,5,86022,Scomberomorus brasiliensis,46,40,510,,
2/23/2011,2,VERÃO,PERNAMBUCO,O SR VIVE,7,-8.224745,-34.89449,15.3,2.98,45,9348.3,Lama,5,86022,Scomberomorus brasiliensis,53.5,46.5,750,,
2/23/2011,2,VERÃO,PERNAMBUCO,O SR VIVE,7,-8.224745,-34.89449,15.3,2.98,45,9348.3,Lama,5,86022,Scomberomorus brasiliensis,82,74,1960,,
2/23/2011,2,VERÃO,PERNAMBUCO,O SR VIVE,7,-8.224745,-34.89449,15.3,2.98,45,9348.3,Lama,5,86022,Scomberomorus brasiliensis,52.5,46,750,,
2/23/2011,2,VERÃO,PERNAMBUCO,O SR VIVE,7,-8.224745,-34.89449,15.3,2.98,45,9348.3,Lama,5,86022,Scomberomorus brasiliensis,59.5,52,1140,,
2/23/2011,2,VERÃO,PERNAMBUCO,O SR VIVE,7,-8.224745,-34.89449,15.3,2.98,45,9348.3,Lama,5,86022,Scomberomorus brasiliensis,48,42.5,595,,
2/23/2011,2,VERÃO,PERNAMBUCO,O SR VIVE,7,-8.224745,-34.89449,15.3,2.98,45,9348.3,Lama,5,86022,Scomberomorus brasiliensis,66,57.5,1690,,
2/23/2011,2,VERÃO,PERNAMBUCO,O SR VIVE,7,-8.224745,-34.89449,15.3,2.98,45,9348.3,Lama,5,86022,Scomberomorus brasiliensis,58.5,51.5,970,,
2/23/2011,2,VERÃO,PERNAMBUCO,O SR VIVE,7,-8.224745,-34.89449,15.3,2.98,45,9348.3,Lama,5,86022,Scomberomorus brasiliensis,54.5,48,920,,
2/23/2011,2,VERÃO,PERNAMBUCO,O SR VIVE,7,-8.224745,-34.89449,15.3,2.98,45,9348.3,Lama,5,86022,Scomberomorus brasiliensis,49.5,43,560,,
2/23/2011,2,VERÃO,PERNAMBUCO,O SR VIVE,7,-8.224745,-34.89449,15.3,2.98,45,9348.3,Lama,5,86022,Scomberomorus brasiliensis,54,47.5,770,,
2/23/2011,2,VERÃO,PERNAMBUCO,O SR VIVE,7,-8.224745,-34.89449,15.3,2.98,45,9348.3,Lama,5,86022,Scomberomorus brasiliensis,49,43.5,690,,
2/23/2011,2,VERÃO,PERNAMBUCO,O SR VIVE,7,-8.224745,-34.89449,15.3,2.98,45,9348.3,Lama,5,86022,Scomberomorus brasiliensis,55,47.5,740,,
2/23/2011,2,VERÃO,PERNAMBUCO,O SR VIVE,7,-8.224745,-34.89449,15.3,2.98,45,9348.3,Lama,5,86022,Scomberomorus brasiliensis,58.5,51.5,970,,
2/23/2011,2,VERÃO,PERNAMBUCO,O SR VIVE,7,-8.224745,-34.89449,15.3,2.98,45,9348.3,Lama,5,86022,Scomberomorus brasiliensis,47.5,41,543,,
2/23/2011,2,VERÃO,PERNAMBUCO,O SR VIVE,7,-8.224745,-34.89449,15.3,2.98,45,9348.3,Lama,5,86022,Scomberomorus brasiliensis,61,54,1010,,
2/23/2011,2,VERÃO,PERNAMBUCO,O SR VIVE,7,-8.224745,-34.89449,15.3,2.98,45,9348.3,Lama,5,86022,Scomberomorus brasiliensis,57,50,1000,,
2/23/2011,2,VERÃO,PERNAMBUCO,O SR VIVE,7,-8.224745,-34.89449,15.3,2.98,45,9348.3,Lama,5,86022,Scomberomorus brasiliensis,67,59,1650,,
2/23/2011,2,VERÃO,PERNAMBUCO,O SR VIVE,7,-8.224745,-34.89449,15.3,2.98,45,9348.3,Lama,5,86022,Scomberomorus brasiliensis,,43,750,,
2/23/2011,2,VERÃO,PERNAMBUCO,O SR VIVE,7,-8.224745,-34.89449,15.3,2.98,45,9348.3,Lama,5,86022,Scomberomorus brasiliensis,53,46.5,690,,
2/23/2011,2,VERÃO,PERNAMBUCO,O SR VIVE,7,-8.224745,-34.89449,15.3,2.98,45,9348.3,Lama,5,86022,Scomberomorus brasiliensis,50.5,44,610,,
2/23/2011,2,VERÃO,PERNAMBUCO,O SR VIVE,7,-8.224745,-34.89449,15.3,2.98,45,9348.3,Lama,5,86022,Scomberomorus brasiliensis,54.5,46.5,680,,
2/23/2011,2,VERÃO,PERNAMBUCO,O SR VIVE,7,-8.224745,-34.89449,15.3,2.98,45,9348.3,Lama,5,86022,Scomberomorus brasiliensis,55,48,750,,
2/23/2011,2,VERÃO,PERNAMBUCO,O SR VIVE,7,-8.224745,-34.89449,15.3,2.98,45,9348.3,Lama,5,86022,Scomberomorus brasiliensis,59,51.5,970,,
2/23/2011,2,VERÃO,PERNAMBUCO,O SR VIVE,7,-8.224745,-34.89449,15.3,2.98,45,9348.3,Lama,5,86022,Scomberomorus brasiliensis,60,52,860,,
2/23/2011,2,VERÃO,PERNAMBUCO,O SR VIVE,7,-8.224745,-34.89449,15.3,2.98,45,9348.3,Lama,5,86022,Scomberomorus brasiliensis,55,47,600,,
2/23/2011,2,VERÃO,PERNAMBUCO,O SR VIVE,7,-8.224745,-34.89449,15.3,2.98,45,9348.3,Lama,5,86022,Scomberomorus brasiliensis,47,41,590,,
2/23/2011,2,VERÃO,PERNAMBUCO,O SR VIVE,7,-8.224745,-34.89449,15.3,2.98,45,9348.3,Lama,5,86022,Scomberomorus brasiliensis,61,52,994,,
2/23/2011,2,VERÃO,PERNAMBUCO,O SR VIVE,7,-8.224745,-34.89449,15.3,2.98,45,9348.3,Lama,5,86022,Scomberomorus brasiliensis,59,51,950,,
2/23/2011,2,VERÃO,PERNAMBUCO,O SR VIVE,7,-8.224745,-34.89449,15.3,2.98,45,9348.3,Lama,5,86022,Scomberomorus brasiliensis,56,49,600,,
2/23/2011,2,VERÃO,PERNAMBUCO,O SR VIVE,7,-8.224745,-34.89449,15.3,2.98,45,9348.3,Lama,5,86022,Scomberomorus brasiliensis,62.5,55,1070,,
2/23/2011,2,VERÃO,PERNAMBUCO,O SR VIVE,7,-8.224745,-34.89449,15.3,2.98,45,9348.3,Lama,5,86022,Scomberomorus brasiliensis,48.5,42,610,,
2/23/2011,2,VERÃO,PERNAMBUCO,O SR VIVE,7,-8.224745,-34.89449,15.3,2.98,45,9348.3,Lama,5,86022,Scomberomorus brasiliensis,58,50.5,820,,
2/23/2011,2,VERÃO,PERNAMBUCO,O SR VIVE,7,-8.224745,-34.89449,15.3,2.98,45,9348.3,Lama,5,86022,Scomberomorus brasiliensis,52.5,45,550,,
2/23/2011,2,VERÃO,PERNAMBUCO,O SR VIVE,7,-8.224745,-34.89449,15.3,2.98,45,9348.3,Lama,5,86022,Scomberomorus brasiliensis,65,56.5,1060,,
2/23/2011,2,VERÃO,PERNAMBUCO,O SR VIVE,7,-8.224745,-34.89449,15.3,2.98,45,9348.3,Lama,5,86022,Scomberomorus brasiliensis,64,56.5,1060,,
2/23/2011,2,VERÃO,PERNAMBUCO,O SR VIVE,7,-8.224745,-34.89449,15.3,2.98,45,9348.3,Lama,5,86022,Scomberomorus brasiliensis,52,45,600,,
2/23/2011,2,VERÃO,PERNAMBUCO,O SR VIVE,7,-8.224745,-34.89449,15.3,2.98,45,9348.3,Lama,5,86022,Scomberomorus brasiliensis,64,54.5,1650,,
2/23/2011,2,VERÃO,PERNAMBUCO,O SR VIVE,7,-8.224745,-34.89449,15.3,2.98,45,9348.3,Lama,5,86022,Scomberomorus brasiliensis,48,41.5,560,,
2/23/2011,2,VERÃO,PERNAMBUCO,O SR VIVE,7,-8.224745,-34.89449,15.3,2.98,45,9348.3,Lama,5,86022,Scomberomorus brasiliensis,57,49.5,820,,
2/23/2011,2,VERÃO,PERNAMBUCO,O SR VIVE,7,-8.224745,-34.89449,15.3,2.98,45,9348.3,Lama,5,86022,Scomberomorus brasiliensis,50,43,510,,
2/23/2011,2,VERÃO,PERNAMBUCO,O SR VIVE,7,-8.224745,-34.89449,15.3,2.98,45,9348.3,Lama,5,86022,Scomberomorus brasiliensis,52,45.5,708,,
2/23/2011,2,VERÃO,PERNAMBUCO,O SR VIVE,7,-8.224745,-34.89449,15.3,2.98,45,9348.3,Lama,5,86022,Scomberomorus brasiliensis,47.5,41,543,,
2/23/2011,2,VERÃO,PERNAMBUCO,O SR VIVE,7,-8.224745,-34.89449,15.3,2.98,45,9348.3,Lama,5,86022,Scomberomorus brasiliensis,54,46,630,,
2/23/2011,2,VERÃO,PERNAMBUCO,O SR VIVE,7,-8.224745,-34.89449,15.3,2.98,45,9348.3,Lama,5,86022,Scomberomorus brasiliensis,50,43.5,600,,
2/23/2011,2,VERÃO,PERNAMBUCO,O SR VIVE,7,-8.224745,-34.89449,15.3,2.98,45,9348.3,Lama,5,86022,Scomberomorus brasiliensis,49.5,42.5,610,,
2/23/2011,2,VERÃO,PERNAMBUCO,O SR VIVE,7,-8.224745,-34.89449,15.3,2.98,45,9348.3,Lama,5,86022,Scomberomorus brasiliensis,53,46.5,650,,
2/23/2011,2,VERÃO,PERNAMBUCO,O SR VIVE,7,-8.224745,-34.89449,15.3,2.98,45,9348.3,Lama,5,86022,Scomberomorus brasiliensis,45,40,510,,
2/23/2011,2,VERÃO,PERNAMBUCO,O SR VIVE,7,-8.224745,-34.89449,15.3,2.98,45,9348.3,Lama,5,86022,Scomberomorus brasiliensis,54,48.5,620,,
2/23/2011,2,VERÃO,PERNAMBUCO,O SR VIVE,7,-8.224745,-34.89449,15.3,2.98,45,9348.3,Lama,5,86022,Scomberomorus brasiliensis,55,48,940,,
2/23/2011,2,VERÃO,PERNAMBUCO,O SR VIVE,7,-8.224745,-34.89449,15.3,2.98,45,9348.3,Lama,5,86022,Scomberomorus brasiliensis,,45,590,,
2/23/2011,2,VERÃO,PERNAMBUCO,O SR VIVE,7,-8.224745,-34.89449,15.3,2.98,45,9348.3,Lama,5,86022,Scomberomorus brasiliensis,47,42,570,,
2/23/2011,2,VERÃO,PERNAMBUCO,O SR VIVE,7,-8.224745,-34.89449,15.3,2.98,45,9348.3,Lama,5,86022,Scomberomorus brasiliensis,54,47.5,600,,
2/23/2011,2,VERÃO,PERNAMBUCO,O SR VIVE,7,-8.224745,-34.89449,15.3,2.98,45,9348.3,Lama,5,86022,Scomberomorus brasiliensis,50,43,600,,
2/23/2011,2,VERÃO,PERNAMBUCO,O SR VIVE,7,-8.224745,-34.89449,15.3,2.98,45,9348.3,Lama,5,86022,Scomberomorus brasiliensis,51,43.5,620,,
2/24/2011,2,VERÃO,PERNAMBUCO,O SR VIVE,7,-8.236717,-34.888456,17.2,4.2,45,8746.16,Pedra,4,13020,Scomberomorus brasiliensis,,43.5,480,,
2/24/2011,2,VERÃO,PERNAMBUCO,O SR VIVE,7,-8.236717,-34.888456,17.2,4.2,45,8746.16,Pedra,4,13020,Scomberomorus brasiliensis,56,49.5,810,,
2/24/2011,2,VERÃO,PERNAMBUCO,O SR VIVE,7,-8.236717,-34.888456,17.2,4.2,45,8746.16,Pedra,4,13020,Scomberomorus brasiliensis,49,44,620,,
2/24/2011,2,VERÃO,PERNAMBUCO,O SR VIVE,7,-8.236717,-34.888456,17.2,4.2,45,8746.16,Pedra,4,13020,Scomberomorus brasiliensis,53.5,47.5,780,,
2/24/2011,2,VERÃO,PERNAMBUCO,O SR VIVE,7,-8.236717,-34.888456,17.2,4.2,45,8746.16,Pedra,4,13020,Scomberomorus brasiliensis,53.5,47,790,,
3/3/2011,3,VERÃO,PERNAMBUCO,O SR VIVE,7,-7.96319,-34.605918,45,24,45,10001.1,PEDRA,24,8280,Rhizoprionodon porosus,74,61,1630,F,
3/3/2011,3,VERÃO,PERNAMBUCO,O SR VIVE,7,-7.96319,-34.605918,45,24,45,10001.1,PEDRA,24,8280,Rhizoprionodon porosus,100,82.5,4050,F,
3/22/2011,3,VERÃO,PERNAMBUCO,VIEIRINHA,10,-8.527868,-34.958746,22.5,5.27,45,3362.6,LAMA,12,46780,Scomberomorus brasiliensis,49,43,520,,
3/22/2011,3,VERÃO,PERNAMBUCO,VIEIRINHA,10,-8.527868,-34.958746,22.5,5.27,45,3362.6,LAMA,12,46780,Scomberomorus brasiliensis,48,40.5,460,,
3/22/2011,3,VERÃO,PERNAMBUCO,VIEIRINHA,10,-8.527868,-34.958746,22.5,5.27,45,3362.6,LAMA,12,46780,Scomberomorus brasiliensis,49,42,480,,
3/22/2011,3,VERÃO,PERNAMBUCO,VIEIRINHA,10,-8.527868,-34.958746,22.5,5.27,45,3362.6,LAMA,12,46780,Scomberomorus brasiliensis,50,43,510,,
3/22/2011,3,VERÃO,PERNAMBUCO,VIEIRINHA,10,-8.527868,-34.958746,22.5,5.27,45,3362.6,LAMA,12,46780,Scomberomorus brasiliensis,47,41,450,,
3/22/2011,3,VERÃO,PERNAMBUCO,VIEIRINHA,10,-8.527868,-34.958746,22.5,5.27,45,3362.6,LAMA,12,46780,Scomberomorus brasiliensis,49,43.5,580,,
3/22/2011,3,VERÃO,PERNAMBUCO,VIEIRINHA,10,-8.527868,-34.958746,22.5,5.27,45,3362.6,LAMA,12,46780,Scomberomorus brasiliensis,46,40.5,440,,
3/22/2011,3,VERÃO,PERNAMBUCO,VIEIRINHA,10,-8.527868,-34.958746,22.5,5.27,45,3362.6,LAMA,12,46780,Scomberomorus brasiliensis,49,42.5,520,,
3/22/2011,3,VERÃO,PERNAMBUCO,VIEIRINHA,10,-8.527868,-34.958746,22.5,5.27,45,3362.6,LAMA,12,46780,Scomberomorus brasiliensis,49.5,43,560,,
3/22/2011,3,VERÃO,PERNAMBUCO,VIEIRINHA,10,-8.527868,-34.958746,22.5,5.27,45,3362.6,LAMA,12,46780,Scomberomorus brasiliensis,46.5,40.5,450,,
3/22/2011,3,VERÃO,PERNAMBUCO,VIEIRINHA,10,-8.527868,-34.958746,22.5,5.27,45,3362.6,LAMA,12,46780,Scomberomorus brasiliensis,53.5,46.5,660,,
3/22/2011,3,VERÃO,PERNAMBUCO,VIEIRINHA,10,-8.527868,-34.958746,22.5,5.27,45,3362.6,LAMA,12,46780,Scomberomorus brasiliensis,50,43.2,500,,
3/22/2011,3,VERÃO,PERNAMBUCO,VIEIRINHA,10,-8.527868,-34.958746,22.5,5.27,45,3362.6,LAMA,12,46780,Scomberomorus brasiliensis,50.5,43.2,450,,
3/22/2011,3,VERÃO,PERNAMBUCO,VIEIRINHA,10,-8.527868,-34.958746,22.5,5.27,45,3362.6,LAMA,12,46780,Scomberomorus brasiliensis,58,50.5,900,,
3/22/2011,3,VERÃO,PERNAMBUCO,VIEIRINHA,10,-8.527868,-34.958746,22.5,5.27,45,3362.6,LAMA,12,46780,Scomberomorus brasiliensis,46.5,40.2,390,,
3/22/2011,3,VERÃO,PERNAMBUCO,VIEIRINHA,10,-8.527868,-34.958746,22.5,5.27,45,3362.6,LAMA,12,46780,Scomberomorus brasiliensis,59,51.5,810,,
3/22/2011,3,VERÃO,PERNAMBUCO,VIEIRINHA,10,-8.527868,-34.958746,22.5,5.27,45,3362.6,LAMA,12,46780,Scomberomorus brasiliensis,47.5,41.5,500,,
3/22/2011,3,VERÃO,PERNAMBUCO,VIEIRINHA,10,-8.527868,-34.958746,22.5,5.27,45,3362.6,LAMA,12,46780,Scomberomorus brasiliensis,64.5,58,1350,,
3/22/2011,3,VERÃO,PERNAMBUCO,VIEIRINHA,10,-8.527868,-34.958746,22.5,5.27,45,3362.6,LAMA,12,46780,Scomberomorus brasiliensis,65,58,1470,,
3/22/2011,3,VERÃO,PERNAMBUCO,VIEIRINHA,10,-8.527868,-34.958746,22.5,5.27,45,3362.6,LAMA,12,46780,Scomberomorus brasiliensis,46,40.5,440,,
3/22/2011,3,VERÃO,PERNAMBUCO,VIEIRINHA,10,-8.527868,-34.958746,22.5,5.27,45,3362.6,LAMA,12,46780,Scomberomorus brasiliensis,49,42.5,600,,
3/22/2011,3,VERÃO,PERNAMBUCO,VIEIRINHA,10,-8.527868,-34.958746,22.5,5.27,45,3362.6,LAMA,12,46780,Scomberomorus brasiliensis,52.5,47,690,,
3/22/2011,3,VERÃO,PERNAMBUCO,VIEIRINHA,10,-8.527868,-34.958746,22.5,5.27,45,3362.6,LAMA,12,46780,Scomberomorus brasiliensis,48,41,430,,
3/22/2011,3,VERÃO,PERNAMBUCO,VIEIRINHA,10,-8.527868,-34.958746,22.5,5.27,45,3362.6,LAMA,12,46780,Scomberomorus brasiliensis,48,41.3,490,,
3/22/2011,3,VERÃO,PERNAMBUCO,VIEIRINHA,10,-8.527868,-34.958746,22.5,5.27,45,3362.6,LAMA,12,46780,Scomberomorus brasiliensis,51.5,45,660,,
3/22/2011,3,VERÃO,PERNAMBUCO,VIEIRINHA,10,-8.527868,-34.958746,22.5,5.27,45,3362.6,LAMA,12,46780,Scomberomorus brasiliensis,43.5,38,400,,
3/22/2011,3,VERÃO,PERNAMBUCO,VIEIRINHA,10,-8.527868,-34.958746,22.5,5.27,45,3362.6,LAMA,12,46780,Scomberomorus brasiliensis,51,44.5,610,,
3/22/2011,3,VERÃO,PERNAMBUCO,VIEIRINHA,10,-8.527868,-34.958746,22.5,5.27,45,3362.6,LAMA,12,46780,Scomberomorus brasiliensis,78,60,1800,,
3/22/2011,3,VERÃO,PERNAMBUCO,VIEIRINHA,10,-8.527868,-34.958746,22.5,5.27,45,3362.6,LAMA,12,46780,Scomberomorus brasiliensis,51,44.5,560,,
3/22/2011,3,VERÃO,PERNAMBUCO,VIEIRINHA,10,-8.527868,-34.958746,22.5,5.27,45,3362.6,LAMA,12,46780,Scomberomorus brasiliensis,49,42,500,,
3/22/2011,3,VERÃO,PERNAMBUCO,VIEIRINHA,10,-8.527868,-34.958746,22.5,5.27,45,3362.6,LAMA,12,46780,Scomberomorus brasiliensis,49,43,540,,
3/22/2011,3,VERÃO,PERNAMBUCO,VIEIRINHA,10,-8.527868,-34.958746,22.5,5.27,45,3362.6,LAMA,12,46780,Scomberomorus brasiliensis,57.5,50.5,760,,
3/22/2011,3,VERÃO,PERNAMBUCO,VIEIRINHA,10,-8.527868,-34.958746,22.5,5.27,45,3362.6,LAMA,12,46780,Scomberomorus brasiliensis,47,40.5,420,,
3/22/2011,3,VERÃO,PERNAMBUCO,VIEIRINHA,10,-8.527868,-34.958746,22.5,5.27,45,3362.6,LAMA,12,46780,Scomberomorus brasiliensis,49.5,42,520,,
3/22/2011,3,VERÃO,PERNAMBUCO,VIEIRINHA,10,-8.527868,-34.958746,22.5,5.27,45,3362.6,LAMA,12,46780,Scomberomorus brasiliensis,45.5,40.5,430,,
3/22/2011,3,VERÃO,PERNAMBUCO,VIEIRINHA,10,-8.527868,-34.958746,22.5,5.27,45,3362.6,LAMA,12,46780,Scomberomorus brasiliensis,53,46,670,,
3/22/2011,3,VERÃO,PERNAMBUCO,VIEIRINHA,10,-8.527868,-34.958746,22.5,5.27,45,3362.6,LAMA,12,46780,Scomberomorus brasiliensis,45.5,39.5,430,,
3/22/2011,3,VERÃO,PERNAMBUCO,VIEIRINHA,10,-8.527868,-34.958746,22.5,5.27,45,3362.6,LAMA,12,46780,Scomberomorus brasiliensis,52,44.5,650,,
3/22/2011,3,VERÃO,PERNAMBUCO,VIEIRINHA,10,-8.527868,-34.958746,22.5,5.27,45,3362.6,LAMA,12,46780,Scomberomorus brasiliensis,46,39.5,400,,
3/22/2011,3,VERÃO,PERNAMBUCO,VIEIRINHA,10,-8.527868,-34.958746,22.5,5.27,45,3362.6,LAMA,12,46780,Scomberomorus brasiliensis,53,45.5,690,,
3/22/2011,3,VERÃO,PERNAMBUCO,VIEIRINHA,10,-8.527868,-34.958746,22.5,5.27,45,3362.6,LAMA,12,46780,Scomberomorus brasiliensis,47,41,450,,
3/22/2011,3,VERÃO,PERNAMBUCO,VIEIRINHA,10,-8.527868,-34.958746,22.5,5.27,45,3362.6,LAMA,12,46780,Scomberomorus brasiliensis,54,47,530,,
3/22/2011,3,VERÃO,PERNAMBUCO,VIEIRINHA,10,-8.527868,-34.958746,22.5,5.27,45,3362.6,LAMA,12,46780,Scomberomorus brasiliensis,49.5,43,490,,
3/22/2011,3,VERÃO,PERNAMBUCO,VIEIRINHA,10,-8.527868,-34.958746,22.5,5.27,45,3362.6,LAMA,12,46780,Scomberomorus brasiliensis,45,38.5,390,,
3/22/2011,3,VERÃO,PERNAMBUCO,VIEIRINHA,10,-8.527868,-34.958746,22.5,5.27,45,3362.6,LAMA,12,46780,Scomberomorus brasiliensis,50,44,510,,
3/22/2011,3,VERÃO,PERNAMBUCO,VIEIRINHA,10,-8.527868,-34.958746,22.5,5.27,45,3362.6,LAMA,12,46780,Scomberomorus brasiliensis,48.5,42,520,,
3/22/2011,3,VERÃO,PERNAMBUCO,VIEIRINHA,10,-8.527868,-34.958746,22.5,5.27,45,3362.6,LAMA,12,46780,Scomberomorus brasiliensis,56,50,860,,
3/22/2011,3,VERÃO,PERNAMBUCO,VIEIRINHA,10,-8.527868,-34.958746,22.5,5.27,45,3362.6,LAMA,12,46780,Scomberomorus brasiliensis,46,40,440,,
3/22/2011,3,VERÃO,PERNAMBUCO,VIEIRINHA,10,-8.527868,-34.958746,22.5,5.27,45,3362.6,LAMA,12,46780,Scomberomorus brasiliensis,56,49.5,700,,
3/22/2011,3,VERÃO,PERNAMBUCO,VIEIRINHA,10,-8.527868,-34.958746,22.5,5.27,45,3362.6,LAMA,12,46780,Scomberomorus brasiliensis,46.5,41,430,,
3/22/2011,3,VERÃO,PERNAMBUCO,VIEIRINHA,10,-8.527868,-34.958746,22.5,5.27,45,3362.6,LAMA,12,46780,Scomberomorus brasiliensis,50,44,660,,
3/22/2011,3,VERÃO,PERNAMBUCO,VIEIRINHA,10,-8.527868,-34.958746,22.5,5.27,45,3362.6,LAMA,12,46780,Scomberomorus brasiliensis,46.5,40,430,,
3/22/2011,3,VERÃO,PERNAMBUCO,VIEIRINHA,10,-8.527868,-34.958746,22.5,5.27,45,3362.6,LAMA,12,46780,Scomberomorus brasiliensis,44.5,38.5,460,,
3/22/2011,3,VERÃO,PERNAMBUCO,VIEIRINHA,10,-8.527868,-34.958746,22.5,5.27,45,3362.6,LAMA,12,46780,Scomberomorus brasiliensis,46.5,40,380,,
3/22/2011,3,VERÃO,PERNAMBUCO,VIEIRINHA,10,-8.527868,-34.958746,22.5,5.27,45,3362.6,LAMA,12,46780,Scomberomorus brasiliensis,48,42,480,,
3/22/2011,3,VERÃO,PERNAMBUCO,VIEIRINHA,10,-8.527868,-34.958746,22.5,5.27,45,3362.6,LAMA,12,46780,Scomberomorus brasiliensis,48,42,500,,
3/22/2011,3,VERÃO,PERNAMBUCO,VIEIRINHA,10,-8.527868,-34.958746,22.5,5.27,45,3362.6,LAMA,12,46780,Scomberomorus brasiliensis,46,39.5,450,,
3/22/2011,3,VERÃO,PERNAMBUCO,VIEIRINHA,10,-8.527868,-34.958746,22.5,5.27,45,3362.6,LAMA,12,46780,Scomberomorus brasiliensis,51,45,590,,
3/22/2011,3,VERÃO,PERNAMBUCO,VIEIRINHA,10,-8.527868,-34.958746,22.5,5.27,45,3362.6,LAMA,12,46780,Scomberomorus brasiliensis,48.3,41.5,430,,
3/22/2011,3,VERÃO,PERNAMBUCO,VIEIRINHA,10,-8.527868,-34.958746,22.5,5.27,45,3362.6,LAMA,12,46780,Scomberomorus brasiliensis,48,41.5,410,,
3/28/2011,3,VERÃO,PERNAMBUCO,COSTA RICA,7.5,-7.669155,-34.636206,31.6,21.06,45,10608,PEDRA,16,66640,Rhizoprionodon porosus,56.5,44.5,760,M,
3/28/2011,3,VERÃO,PERNAMBUCO,COSTA RICA,7.5,-7.669155,-34.636206,31.6,21.06,45,10608,PEDRA,16,66640,Rhizoprionodon porosus,55,44.5,810,F,
3/28/2011,3,VERÃO,PERNAMBUCO,COSTA RICA,7.5,-7.669155,-34.636206,31.6,21.06,45,10608,PEDRA,16,66640,Rhizoprionodon porosus,58,46.5,750,F,
3/28/2011,3,VERÃO,PERNAMBUCO,COSTA RICA,7.5,-7.669155,-34.636206,31.6,21.06,45,10608,PEDRA,16,66640,Rhizoprionodon porosus,59.5,48.5,820,M,
3/28/2011,3,VERÃO,PERNAMBUCO,COSTA RICA,7.5,-7.669155,-34.636206,31.6,21.06,45,10608,PEDRA,16,66640,Rhizoprionodon porosus,73,59.5,1540,M,
3/28/2011,3,VERÃO,PERNAMBUCO,COSTA RICA,7.5,-7.669155,-34.636206,31.6,21.06,45,10608,PEDRA,16,66640,Rhizoprionodon porosus,54,44,660,M,
3/28/2011,3,VERÃO,PERNAMBUCO,COSTA RICA,7.5,-7.669155,-34.636206,31.6,21.06,45,10608,PEDRA,16,66640,Rhizoprionodon porosus,53,43,1050,M,
3/28/2011,3,VERÃO,PERNAMBUCO,COSTA RICA,7.5,-7.669155,-34.636206,31.6,21.06,45,10608,PEDRA,16,66640,Rhizoprionodon porosus,56,45,650,M,
3/28/2011,3,VERÃO,PERNAMBUCO,COSTA RICA,7.5,-7.669155,-34.636206,31.6,21.06,45,10608,PEDRA,16,66640,Rhizoprionodon porosus,52.5,42,480,M,
3/28/2011,3,VERÃO,PERNAMBUCO,COSTA RICA,7.5,-7.669155,-34.636206,31.6,21.06,45,10608,PEDRA,16,66640,Rhizoprionodon porosus,56.5,46,750,M,
4/1/2011,4,VERÃO,PERNAMBUCO,BOA ESPERANÇA,9,-8.833632,-35.063443,23.1,6.94,45,5895.6,LAMA,7,67862,Scomberomorus brasiliensis,51.5,44.5,670,,
4/1/2011,4,VERÃO,PERNAMBUCO,BOA ESPERANÇA,9,-8.833632,-35.063443,23.1,6.94,45,5895.6,LAMA,7,67862,Scomberomorus brasiliensis,51,44.5,660,,
4/1/2011,4,VERÃO,PERNAMBUCO,BOA ESPERANÇA,9,-8.833632,-35.063443,23.1,6.94,45,5895.6,LAMA,7,67862,Scomberomorus brasiliensis,55.5,48,850,,
4/1/2011,4,VERÃO,PERNAMBUCO,BOA ESPERANÇA,9,-8.833632,-35.063443,23.1,6.94,45,5895.6,LAMA,7,67862,Scomberomorus brasiliensis,50,42.5,650,,
4/1/2011,4,VERÃO,PERNAMBUCO,BOA ESPERANÇA,9,-8.833632,-35.063443,23.1,6.94,45,5895.6,LAMA,7,67862,Scomberomorus brasiliensis,61,54,1120,,
4/1/2011,4,VERÃO,PERNAMBUCO,BOA ESPERANÇA,9,-8.833632,-35.063443,23.1,6.94,45,5895.6,LAMA,7,67862,Scomberomorus brasiliensis,48,41.5,600,,
4/1/2011,4,VERÃO,PERNAMBUCO,BOA ESPERANÇA,9,-8.833632,-35.063443,23.1,6.94,45,5895.6,LAMA,7,67862,Scomberomorus brasiliensis,51,44,680,,
4/1/2011,4,VERÃO,PERNAMBUCO,BOA ESPERANÇA,9,-8.833632,-35.063443,23.1,6.94,45,5895.6,LAMA,7,67862,Scomberomorus brasiliensis,55.5,48,840,,
4/1/2011,4,VERÃO,PERNAMBUCO,BOA ESPERANÇA,9,-8.833632,-35.063443,23.1,6.94,45,5895.6,LAMA,7,67862,Scomberomorus brasiliensis,51.5,45,680,,
4/1/2011,4,VERÃO,PERNAMBUCO,BOA ESPERANÇA,9,-8.833632,-35.063443,23.1,6.94,45,5895.6,LAMA,7,67862,Scomberomorus brasiliensis,47,40,520,,
4/1/2011,4,VERÃO,PERNAMBUCO,BOA ESPERANÇA,9,-8.833632,-35.063443,23.1,6.94,45,5895.6,LAMA,7,67862,Scomberomorus brasiliensis,37.5,33,290,,
4/1/2011,4,VERÃO,PERNAMBUCO,BOA ESPERANÇA,9,-8.833632,-35.063443,23.1,6.94,45,5895.6,LAMA,7,67862,Scomberomorus brasiliensis,53,45.5,700,,
4/1/2011,4,VERÃO,PERNAMBUCO,BOA ESPERANÇA,9,-8.833632,-35.063443,23.1,6.94,45,5895.6,LAMA,7,67862,Scomberomorus brasiliensis,52,45,680,,
4/1/2011,4,VERÃO,PERNAMBUCO,BOA ESPERANÇA,9,-8.833632,-35.063443,23.1,6.94,45,5895.6,LAMA,7,67862,Scomberomorus brasiliensis,47.5,41,520,,
4/1/2011,4,VERÃO,PERNAMBUCO,BOA ESPERANÇA,9,-8.833632,-35.063443,23.1,6.94,45,5895.6,LAMA,7,67862,Scomberomorus brasiliensis,52,45,690,,
4/1/2011,4,VERÃO,PERNAMBUCO,BOA ESPERANÇA,9,-8.833632,-35.063443,23.1,6.94,45,5895.6,LAMA,7,67862,Scomberomorus brasiliensis,52,45,760,,
4/1/2011,4,VERÃO,PERNAMBUCO,BOA ESPERANÇA,9,-8.833632,-35.063443,23.1,6.94,45,5895.6,LAMA,7,67862,Scomberomorus brasiliensis,51,45,720,,
4/1/2011,4,VERÃO,PERNAMBUCO,BOA ESPERANÇA,9,-8.833632,-35.063443,23.1,6.94,45,5895.6,LAMA,7,67862,Scomberomorus brasiliensis,48.5,42.5,610,,
4/1/2011,4,VERÃO,PERNAMBUCO,BOA ESPERANÇA,9,-8.833632,-35.063443,23.1,6.94,45,5895.6,LAMA,7,67862,Scomberomorus brasiliensis,46,40,530,,
4/1/2011,4,VERÃO,PERNAMBUCO,BOA ESPERANÇA,9,-8.833632,-35.063443,23.1,6.94,45,5895.6,LAMA,7,67862,Scomberomorus brasiliensis,56.5,49.5,860,,
4/1/2011,4,VERÃO,PERNAMBUCO,BOA ESPERANÇA,9,-8.833632,-35.063443,23.1,6.94,45,5895.6,LAMA,7,67862,Scomberomorus brasiliensis,50.5,44,630,,
4/1/2011,4,VERÃO,PERNAMBUCO,BOA ESPERANÇA,9,-8.833632,-35.063443,23.1,6.94,45,5895.6,LAMA,7,67862,Scomberomorus brasiliensis,49.5,42.5,630,,
4/1/2011,4,VERÃO,PERNAMBUCO,BOA ESPERANÇA,9,-8.833632,-35.063443,23.1,6.94,45,5895.6,LAMA,7,67862,Scomberomorus brasiliensis,55.5,45.5,790,,
4/1/2011,4,VERÃO,PERNAMBUCO,BOA ESPERANÇA,9,-8.833632,-35.063443,23.1,6.94,45,5895.6,LAMA,7,67862,Scomberomorus brasiliensis,55.5,50,880,,
4/1/2011,4,VERÃO,PERNAMBUCO,BOA ESPERANÇA,9,-8.833632,-35.063443,23.1,6.94,45,5895.6,LAMA,7,67862,Scomberomorus brasiliensis,52,45,670,,
4/1/2011,4,VERÃO,PERNAMBUCO,BOA ESPERANÇA,9,-8.833632,-35.063443,23.1,6.94,45,5895.6,LAMA,7,67862,Scomberomorus brasiliensis,48.5,43,660,,
4/1/2011,4,VERÃO,PERNAMBUCO,BOA ESPERANÇA,9,-8.833632,-35.063443,23.1,6.94,45,5895.6,LAMA,7,67862,Rhizoprionodon porosus,56,49,910,F,
4/13/2011,4,VERÃO,PERNAMBUCO,BOA ESPERANÇA,9,-8.745539,-35.021132,25,7.75,45,6589.2,CASCALHO,7,29470,Rhizoprionodon porosus,53,43,600,F,
4/13/2011,4,VERÃO,PERNAMBUCO,BOA ESPERANÇA,9,-8.745539,-35.021132,25,7.75,45,6589.2,CASCALHO,7,29470,Rhizoprionodon porosus,69,57,1380,F,
4/13/2011,4,VERÃO,PERNAMBUCO,BOA ESPERANÇA,9,-8.745539,-35.021132,25,7.75,45,6589.2,CASCALHO,7,29470,Rhizoprionodon porosus,56.5,46,810,F,
4/13/2011,4,VERÃO,PERNAMBUCO,BOA ESPERANÇA,9,-8.745539,-35.021132,25,7.75,45,6589.2,CASCALHO,7,29470,Rhizoprionodon porosus,55,44.5,770,M,
4/13/2011,4,VERÃO,PERNAMBUCO,BOA ESPERANÇA,9,-8.745539,-35.021132,25,7.75,45,6589.2,CASCALHO,7,29470,Rhizoprionodon porosus,56.5,46.5,820,M,
4/13/2011,4,VERÃO,PERNAMBUCO,BOA ESPERANÇA,9,-8.745539,-35.021132,25,7.75,45,6589.2,CASCALHO,7,29470,Rhizoprionodon porosus,58,47.5,850,F,
4/13/2011,4,VERÃO,PERNAMBUCO,BOA ESPERANÇA,9,-8.745539,-35.021132,25,7.75,45,6589.2,CASCALHO,7,29470,Rhizoprionodon porosus,55.5,45.5,680,M,
4/13/2011,4,VERÃO,PERNAMBUCO,BOA ESPERANÇA,9,-8.745539,-35.021132,25,7.75,45,6589.2,CASCALHO,7,29470,Rhizoprionodon porosus,63,50.5,1030,F,
4/13/2011,4,VERÃO,PERNAMBUCO,BOA ESPERANÇA,9,-8.745539,-35.021132,25,7.75,45,6589.2,CASCALHO,7,29470,Rhizoprionodon porosus,60,49,930,F,
4/13/2011,4,VERÃO,PERNAMBUCO,BOA ESPERANÇA,9,-8.745539,-35.021132,25,7.75,45,6589.2,CASCALHO,7,29470,Rhizoprionodon porosus,61.5,50,1070,F,
4/13/2011,4,VERÃO,PERNAMBUCO,BOA ESPERANÇA,9,-8.745539,-35.021132,25,7.75,45,6589.2,CASCALHO,7,29470,Scomberomorus brasiliensis,59.5,52,1250,M,
4/13/2011,4,VERÃO,PERNAMBUCO,BOA ESPERANÇA,9,-8.745539,-35.021132,25,7.75,45,6589.2,CASCALHO,7,29470,Scomberomorus brasiliensis,54,47.5,750,,
31/05/2011,5,OUTONO,PERNAMBUCO,O SR VIVE,,-8.26155,-34.87108,22.3,7.63,45,9623.7,PEDRA,7,54676,Scomberomorus brasiliensis,57.5,49.5,490,,
31/05/2011,5,OUTONO,PERNAMBUCO,O SR VIVE,,-8.26155,-34.87108,22.3,7.63,45,9623.7,PEDRA,7,54676,Scomberomorus brasiliensis,49,43,220,,
31/05/2011,5,OUTONO,PERNAMBUCO,O SR VIVE,,-8.26155,-34.87108,22.3,7.63,45,9623.7,PEDRA,7,54676,Scomberomorus brasiliensis,60,52.2,840,,
31/05/2011,5,OUTONO,PERNAMBUCO,O SR VIVE,,-8.26155,-34.87108,22.3,7.63,45,9623.7,PEDRA,7,54676,Scomberomorus brasiliensis,57,49,450,,
31/05/2011,5,OUTONO,PERNAMBUCO,O SR VIVE,,-8.26155,-34.87108,22.3,7.63,45,9623.7,PEDRA,7,54676,Scomberomorus brasiliensis,54.5,46.5,350,,
31/05/2011,5,OUTONO,PERNAMBUCO,O SR VIVE,,-8.26155,-34.87108,22.3,7.63,45,9623.7,PEDRA,7,54676,Scomberomorus brasiliensis,47.5,41,510,,
31/05/2011,5,OUTONO,PERNAMBUCO,O SR VIVE,,-8.26155,-34.87108,22.3,7.63,45,9623.7,PEDRA,7,54676,Scomberomorus brasiliensis,57,49.5,1020,,
31/05/2011,5,OUTONO,PERNAMBUCO,O SR VIVE,,-8.26155,-34.87108,22.3,7.63,45,9623.7,PEDRA,7,54676,Scomberomorus brasiliensis,52.5,45.5,590,,
31/05/2011,5,OUTONO,PERNAMBUCO,O SR VIVE,,-8.26155,-34.87108,22.3,7.63,45,9623.7,PEDRA,7,54676,Scomberomorus brasiliensis,56,48.5,880,,
31/05/2011,5,OUTONO,PERNAMBUCO,O SR VIVE,,-8.26155,-34.87108,22.3,7.63,45,9623.7,PEDRA,7,54676,Scomberomorus brasiliensis,61.5,53.5,1300,,
31/05/2011,5,OUTONO,PERNAMBUCO,O SR VIVE,,-8.26155,-34.87108,22.3,7.63,45,9623.7,PEDRA,7,54676,Scomberomorus brasiliensis,54.5,46.5,800,,
31/05/2011,5,OUTONO,PERNAMBUCO,O SR VIVE,,-8.26155,-34.87108,22.3,7.63,45,9623.7,PEDRA,7,54676,Scomberomorus brasiliensis,57,50.5,1010,,
31/05/2011,5,OUTONO,PERNAMBUCO,O SR VIVE,,-8.26155,-34.87108,22.3,7.63,45,9623.7,PEDRA,7,54676,Scomberomorus brasiliensis,51,45,640,,
31/05/2011,5,OUTONO,PERNAMBUCO,O SR VIVE,,-8.26155,-34.87108,22.3,7.63,45,9623.7,PEDRA,7,54676,Scomberomorus brasiliensis,56.5,49.5,1090,,
31/05/2011,5,OUTONO,PERNAMBUCO,O SR VIVE,,-8.26155,-34.87108,22.3,7.63,45,9623.7,PEDRA,7,54676,Scomberomorus brasiliensis,54,46.5,820,,
31/05/2011,5,OUTONO,PERNAMBUCO,O SR VIVE,,-8.26155,-34.87108,22.3,7.63,45,9623.7,PEDRA,7,54676,Scomberomorus brasiliensis,50,43.5,750,,
31/05/2011,5,OUTONO,PERNAMBUCO,O SR VIVE,,-8.26155,-34.87108,22.3,7.63,45,9623.7,PEDRA,7,54676,Scomberomorus brasiliensis,56.5,49,1000,,
31/05/2011,5,OUTONO,PERNAMBUCO,O SR VIVE,,-8.26155,-34.87108,22.3,7.63,45,9623.7,PEDRA,7,54676,Scomberomorus brasiliensis,53.5,46.5,740,,
31/05/2011,5,OUTONO,PERNAMBUCO,O SR VIVE,,-8.26155,-34.87108,22.3,7.63,45,9623.7,PEDRA,7,54676,Scomberomorus brasiliensis,62,53.5,1160,,
31/05/2011,5,OUTONO,PERNAMBUCO,O SR VIVE,,-8.26155,-34.87108,22.3,7.63,45,9623.7,PEDRA,7,54676,Scomberomorus brasiliensis,64,56.5,1350,,
31/05/2011,5,OUTONO,PERNAMBUCO,O SR VIVE,,-8.26155,-34.87108,22.3,7.63,45,9623.7,PEDRA,7,54676,Scomberomorus brasiliensis,54,46.5,750,,
31/05/2011,5,OUTONO,PERNAMBUCO,O SR VIVE,,-8.26155,-34.87108,22.3,7.63,45,9623.7,PEDRA,7,54676,Scomberomorus brasiliensis,49.5,43.5,620,,
31/05/2011,5,OUTONO,PERNAMBUCO,O SR VIVE,,-8.26155,-34.87108,22.3,7.63,45,9623.7,PEDRA,7,54676,Scomberomorus brasiliensis,53.5,46.5,830,,
31/05/2011,5,OUTONO,PERNAMBUCO,O SR VIVE,,-8.26155,-34.87108,22.3,7.63,45,9623.7,PEDRA,7,54676,Scomberomorus brasiliensis,53,46.5,790,,
31/05/2011,5,OUTONO,PERNAMBUCO,O SR VIVE,,-8.26155,-34.87108,22.3,7.63,45,9623.7,PEDRA,7,54676,Scomberomorus brasiliensis,56.5,48.5,920,,
31/05/2011,5,OUTONO,PERNAMBUCO,O SR VIVE,,-8.26155,-34.87108,22.3,7.63,45,9623.7,PEDRA,7,54676,Scomberomorus brasiliensis,57,49.5,990,,
31/05/2011,5,OUTONO,PERNAMBUCO,O SR VIVE,,-8.26155,-34.87108,22.3,7.63,45,9623.7,PEDRA,7,54676,Scomberomorus brasiliensis,53.5,46.5,890,,
31/05/2011,5,OUTONO,PERNAMBUCO,O SR VIVE,,-8.26155,-34.87108,22.3,7.63,45,9623.7,PEDRA,7,54676,Scomberomorus brasiliensis,51.5,45,790,,
31/05/2011,5,OUTONO,PERNAMBUCO,O SR VIVE,,-8.26155,-34.87108,22.3,7.63,45,9623.7,PEDRA,7,54676,Scomberomorus brasiliensis,50,43.5,690,,
31/05/2011,5,OUTONO,PERNAMBUCO,O SR VIVE,,-8.26155,-34.87108,22.3,7.63,45,9623.7,PEDRA,7,54676,Scomberomorus brasiliensis,46,40,470,,
31/05/2011,5,OUTONO,PERNAMBUCO,O SR VIVE,,-8.26155,-34.87108,22.3,7.63,45,9623.7,PEDRA,7,54676,Scomberomorus brasiliensis,49.5,42,620,,
31/05/2011,5,OUTONO,PERNAMBUCO,O SR VIVE,,-8.26155,-34.87108,22.3,7.63,45,9623.7,PEDRA,7,54676,Scomberomorus brasiliensis,52,44.5,680,,
31/05/2011,5,OUTONO,PERNAMBUCO,O SR VIVE,,-8.26155,-34.87108,22.3,7.63,45,9623.7,PEDRA,7,54676,Scomberomorus brasiliensis,51.5,45,870,,
31/05/2011,5,OUTONO,PERNAMBUCO,O SR VIVE,,-8.26155,-34.87108,22.3,7.63,45,9623.7,PEDRA,7,54676,Scomberomorus brasiliensis,50,43.5,630,,
31/05/2011,5,OUTONO,PERNAMBUCO,O SR VIVE,,-8.26155,-34.87108,22.3,7.63,45,9623.7,PEDRA,7,54676,Rhizoprionodon porosus,57.8,46.5,845,F,
31/05/2011,5,OUTONO,PERNAMBUCO,O SR VIVE,,-8.26155,-34.87108,22.3,7.63,45,9623.7,PEDRA,7,54676,Rhizoprionodon porosus,55.4,45.1,725,M,
31/05/2011,5,OUTONO,PERNAMBUCO,O SR VIVE,,-8.26155,-34.87108,22.3,7.63,45,9623.7,PEDRA,7,54676,Rhizoprionodon porosus,49.2,40,495,M,
31/05/2011,5,OUTONO,PERNAMBUCO,O SR VIVE,,-8.26155,-34.87108,22.3,7.63,45,9623.7,PEDRA,7,54676,Rhizoprionodon porosus,61.7,49.3,915,F,
31/05/2011,5,OUTONO,PERNAMBUCO,O SR VIVE,,-8.26155,-34.87108,22.3,7.63,45,9623.7,PEDRA,7,54676,Rhizoprionodon porosus,50.2,40.7,570,M,
3/6/2011,6,OUTONO,PERNAMBUCO,VIEIRINHA,10,-8.586778,-34.907016,32.3,12.92,45,8516.15,AREIA,12,9530,Scomberomorus brasiliensis,52,45.5,700,,
20/06/2011,6,OUTONO,PERNAMBUCO,MERO II,8,-7.90425,-34.74638,"27,2",8.58,40,6092.8,CASCALHO,7,21880,Scomberomorus brasiliensis,50,44,790,,
20/06/2011,6,OUTONO,PERNAMBUCO,MERO II,8,-7.90425,-34.74638,"27,2",8.58,40,6092.8,CASCALHO,7,21880,Scomberomorus brasiliensis,50,43.5,620,,
20/06/2011,6,OUTONO,PERNAMBUCO,MERO II,8,-7.90425,-34.74638,"27,2",8.58,40,6092.8,CASCALHO,7,21880,Scomberomorus brasiliensis,52,45.5,700,,
20/06/2011,6,OUTONO,PERNAMBUCO,MERO II,8,-7.90425,-34.74638,"27,2",8.58,40,6092.8,CASCALHO,7,21880,Scomberomorus brasiliensis,50.5,44.5,760,,
20/06/2011,6,OUTONO,PERNAMBUCO,MERO II,8,-7.90425,-34.74638,"27,2",8.58,40,6092.8,CASCALHO,7,21880,Rhizoprionodon porosus,38,30,220,F,
30/06/2011,6,OUTONO,PERNAMBUCO,MIMINA,9.5,-8.706004,-35.01318,24.85,8.9,35,5262.18,CASCALHO,11,48000,Scomberomorus brasiliensis,46,40.5,630,,
30/06/2011,6,OUTONO,PERNAMBUCO,MIMINA,9.5,-8.706004,-35.01318,24.85,8.9,35,5262.18,CASCALHO,11,48000,Scomberomorus brasiliensis,51,45.5,700,,
30/06/2011,6,OUTONO,PERNAMBUCO,MIMINA,9.5,-8.706004,-35.01318,24.85,8.9,35,5262.18,CASCALHO,11,48000,Scomberomorus brasiliensis,49,43.5,700,,
30/06/2011,6,OUTONO,PERNAMBUCO,MIMINA,9.5,-8.706004,-35.01318,24.85,8.9,35,5262.18,CASCALHO,11,48000,Scomberomorus brasiliensis,48,42.5,580,,
30/06/2011,6,OUTONO,PERNAMBUCO,MIMINA,9.5,-8.706004,-35.01318,24.85,8.9,35,5262.18,CASCALHO,11,48000,Scomberomorus brasiliensis,50.5,44,670,,
30/06/2011,6,OUTONO,PERNAMBUCO,MIMINA,9.5,-8.706004,-35.01318,24.85,8.9,35,5262.18,CASCALHO,11,48000,Scomberomorus brasiliensis,50.5,44.5,660,,
30/06/2011,6,OUTONO,PERNAMBUCO,MIMINA,9.5,-8.706004,-35.01318,24.85,8.9,35,5262.18,CASCALHO,11,48000,Rhizoprionodon porosus,52,46,470,M,
30/06/2011,6,OUTONO,PERNAMBUCO,MIMINA,9.5,-8.706004,-35.01318,24.85,8.9,35,5262.18,CASCALHO,11,48000,Scomberomorus brasiliensis,47.5,42,550,,
30/06/2011,6,OUTONO,PERNAMBUCO,MIMINA,9.5,-8.706004,-35.01318,24.85,8.9,35,5262.18,CASCALHO,11,48000,Scomberomorus brasiliensis,48.5,43.5,590,,
30/06/2011,6,OUTONO,PERNAMBUCO,MIMINA,9.5,-8.706004,-35.01318,24.85,8.9,35,5262.18,CASCALHO,11,48000,Scomberomorus brasiliensis,58,52,1080,,
30/06/2011,6,OUTONO,PERNAMBUCO,MIMINA,9.5,-8.706004,-35.01318,24.85,8.9,35,5262.18,CASCALHO,11,48000,Scomberomorus brasiliensis,50,44,620,,
30/06/2011,6,OUTONO,PERNAMBUCO,MIMINA,9.5,-8.706004,-35.01318,24.85,8.9,35,5262.18,CASCALHO,11,48000,Scomberomorus brasiliensis,53,46,800,,
30/06/2011,6,OUTONO,PERNAMBUCO,MIMINA,9.5,-8.706004,-35.01318,24.85,8.9,35,5262.18,CASCALHO,11,48000,Scomberomorus brasiliensis,50,44.5,620,,
30/06/2011,6,OUTONO,PERNAMBUCO,MIMINA,9.5,-8.706004,-35.01318,24.85,8.9,35,5262.18,CASCALHO,11,48000,Scomberomorus brasiliensis,47.5,43,630,,
30/06/2011,6,OUTONO,PERNAMBUCO,MIMINA,9.5,-8.706004,-35.01318,24.85,8.9,35,5262.18,CASCALHO,11,48000,Scomberomorus brasiliensis,51.5,45.5,750,,
30/06/2011,6,OUTONO,PERNAMBUCO,MIMINA,9.5,-8.706004,-35.01318,24.85,8.9,35,5262.18,CASCALHO,11,48000,Scomberomorus brasiliensis,49,43.5,580,,
30/06/2011,6,OUTONO,PERNAMBUCO,MIMINA,9.5,-8.706004,-35.01318,24.85,8.9,35,5262.18,CASCALHO,11,48000,Scomberomorus brasiliensis,47,42.5,550,,
30/06/2011,6,OUTONO,PERNAMBUCO,MIMINA,9.5,-8.706004,-35.01318,24.85,8.9,35,5262.18,CASCALHO,11,48000,Scomberomorus brasiliensis,52.5,46.5,710,,
30/06/2011,6,OUTONO,PERNAMBUCO,MIMINA,9.5,-8.706004,-35.01318,24.85,8.9,35,5262.18,CASCALHO,11,48000,Scomberomorus brasiliensis,49,44.5,620,,
30/06/2011,6,OUTONO,PERNAMBUCO,MIMINA,9.5,-8.706004,-35.01318,24.85,8.9,35,5262.18,CASCALHO,11,48000,Scomberomorus brasiliensis,49,43,640,,
30/06/2011,6,OUTONO,PERNAMBUCO,MIMINA,9.5,-8.706004,-35.01318,24.85,8.9,35,5262.18,CASCALHO,11,48000,Scomberomorus brasiliensis,48,42,600,,
30/06/2011,6,OUTONO,PERNAMBUCO,MIMINA,9.5,-8.706004,-35.01318,24.85,8.9,35,5262.18,CASCALHO,11,48000,Scomberomorus brasiliensis,54,46.5,780,,
30/06/2011,6,OUTONO,PERNAMBUCO,MIMINA,9.5,-8.706004,-35.01318,24.85,8.9,35,5262.18,CASCALHO,11,48000,Scomberomorus brasiliensis,43.5,39,450,,
30/06/2011,6,OUTONO,PERNAMBUCO,MIMINA,9.5,-8.706004,-35.01318,24.85,8.9,35,5262.18,CASCALHO,11,48000,Scomberomorus brasiliensis,53,47,830,,
30/06/2011,6,OUTONO,PERNAMBUCO,MIMINA,9.5,-8.706004,-35.01318,24.85,8.9,35,5262.18,CASCALHO,11,48000,Scomberomorus brasiliensis,47.5,42,540,,
30/06/2011,6,OUTONO,PERNAMBUCO,MIMINA,9.5,-8.706004,-35.01318,24.85,8.9,35,5262.18,CASCALHO,11,48000,Scomberomorus brasiliensis,50.5,45,680,,
30/06/2011,6,OUTONO,PERNAMBUCO,MIMINA,9.5,-8.706004,-35.01318,24.85,8.9,35,5262.18,CASCALHO,11,48000,Scomberomorus brasiliensis,51,46,730,,
30/06/2011,6,OUTONO,PERNAMBUCO,MIMINA,9.5,-8.706004,-35.01318,24.85,8.9,35,5262.18,CASCALHO,11,48000,Scomberomorus brasiliensis,49,43.5,600,,
30/06/2011,6,OUTONO,PERNAMBUCO,MIMINA,9.5,-8.706004,-35.01318,24.85,8.9,35,5262.18,CASCALHO,11,48000,Scomberomorus brasiliensis,54.5,48.5,770,,
30/06/2011,6,OUTONO,PERNAMBUCO,MIMINA,9.5,-8.706004,-35.01318,24.85,8.9,35,5262.18,CASCALHO,11,48000,Scomberomorus brasiliensis,53.5,46.5,770,,
30/06/2011,6,OUTONO,PERNAMBUCO,MIMINA,9.5,-8.706004,-35.01318,24.85,8.9,35,5262.18,CASCALHO,11,48000,Scomberomorus brasiliensis,48.5,43.5,550,,
30/06/2011,6,OUTONO,PERNAMBUCO,MIMINA,9.5,-8.706004,-35.01318,24.85,8.9,35,5262.18,CASCALHO,11,48000,Scomberomorus brasiliensis,52.5,46,560,,
30/06/2011,6,OUTONO,PERNAMBUCO,MIMINA,9.5,-8.706004,-35.01318,24.85,8.9,35,5262.18,CASCALHO,11,48000,Scomberomorus brasiliensis,50,44,690,,
30/06/2011,6,OUTONO,PERNAMBUCO,MIMINA,9.5,-8.706004,-35.01318,24.85,8.9,35,5262.18,CASCALHO,11,48000,Scomberomorus brasiliensis,51.5,45,610,,
30/06/2011,6,OUTONO,PERNAMBUCO,MIMINA,9.5,-8.706004,-35.01318,24.85,8.9,35,5262.18,CASCALHO,11,48000,Scomberomorus brasiliensis,49,44,660,,
30/06/2011,6,OUTONO,PERNAMBUCO,MIMINA,9.5,-8.706004,-35.01318,24.85,8.9,35,5262.18,CASCALHO,11,48000,Scomberomorus brasiliensis,50,44.5,670,,
30/06/2011,6,OUTONO,PERNAMBUCO,MIMINA,9.5,-8.706004,-35.01318,24.85,8.9,35,5262.18,CASCALHO,11,48000,Scomberomorus brasiliensis,47,42,510,,
30/06/2011,6,OUTONO,PERNAMBUCO,MIMINA,9.5,-8.706004,-35.01318,24.85,8.9,35,5262.18,CASCALHO,11,48000,Scomberomorus brasiliensis,50,44,500,,
30/06/2011,6,OUTONO,PERNAMBUCO,MIMINA,9.5,-8.706004,-35.01318,24.85,8.9,35,5262.18,CASCALHO,11,48000,Scomberomorus brasiliensis,48,42.5,650,,
30/06/2011,6,OUTONO,PERNAMBUCO,MIMINA,9.5,-8.706004,-35.01318,24.85,8.9,35,5262.18,CASCALHO,11,48000,Scomberomorus brasiliensis,48,42,570,,
30/06/2011,6,OUTONO,PERNAMBUCO,MIMINA,9.5,-8.706004,-35.01318,24.85,8.9,35,5262.18,CASCALHO,11,48000,Scomberomorus brasiliensis,46.5,41.5,550,,
30/06/2011,6,OUTONO,PERNAMBUCO,MIMINA,9.5,-8.706004,-35.01318,24.85,8.9,35,5262.18,CASCALHO,11,48000,Scomberomorus brasiliensis,47.5,42.5,590,,
30/06/2011,6,OUTONO,PERNAMBUCO,MIMINA,9.5,-8.706004,-35.01318,24.85,8.9,35,5262.18,CASCALHO,11,48000,Scomberomorus brasiliensis,52.5,46.5,720,,
30/06/2011,6,OUTONO,PERNAMBUCO,MIMINA,9.5,-8.706004,-35.01318,24.85,8.9,35,5262.18,CASCALHO,11,48000,Scomberomorus brasiliensis,50,44,650,,
30/06/2011,6,OUTONO,PERNAMBUCO,MIMINA,9.5,-8.706004,-35.01318,24.85,8.9,35,5262.18,CASCALHO,11,48000,Scomberomorus brasiliensis,48,42,590,,
30/06/2011,6,OUTONO,PERNAMBUCO,MIMINA,9.5,-8.706004,-35.01318,24.85,8.9,35,5262.18,CASCALHO,11,48000,Scomberomorus brasiliensis,49,43.5,580,,
30/06/2011,6,OUTONO,PERNAMBUCO,MIMINA,9.5,-8.706004,-35.01318,24.85,8.9,35,5262.18,CASCALHO,11,48000,Scomberomorus brasiliensis,52.5,46.5,710,,
30/06/2011,6,OUTONO,PERNAMBUCO,MIMINA,9.5,-8.706004,-35.01318,24.85,8.9,35,5262.18,CASCALHO,11,48000,Scomberomorus brasiliensis,51,45,730,,
30/06/2011,6,OUTONO,PERNAMBUCO,MIMINA,9.5,-8.706004,-35.01318,24.85,8.9,35,5262.18,CASCALHO,11,48000,Scomberomorus brasiliensis,49.5,43.5,630,,
30/06/2011,6,OUTONO,PERNAMBUCO,MIMINA,9.5,-8.706004,-35.01318,24.85,8.9,35,5262.18,CASCALHO,11,48000,Scomberomorus brasiliensis,49.5,43.5,710,,
30/06/2011,6,OUTONO,PERNAMBUCO,MIMINA,9.5,-8.706004,-35.01318,24.85,8.9,35,5262.18,CASCALHO,11,48000,Scomberomorus brasiliensis,48.5,42.5,600,,
30/06/2011,6,OUTONO,PERNAMBUCO,MIMINA,9.5,-8.706004,-35.01318,24.85,8.9,35,5262.18,CASCALHO,11,48000,Scomberomorus brasiliensis,49.5,435,570,,
30/06/2011,6,OUTONO,PERNAMBUCO,MIMINA,9.5,-8.706004,-35.01318,24.85,8.9,35,5262.18,CASCALHO,11,48000,Scomberomorus brasiliensis,53.5,47.5,840,,
30/06/2011,6,OUTONO,PERNAMBUCO,MIMINA,9.5,-8.706004,-35.01318,24.85,8.9,35,5262.18,CASCALHO,11,48000,Scomberomorus brasiliensis,51,45.5,630,,
30/06/2011,6,OUTONO,PERNAMBUCO,MIMINA,9.5,-8.706004,-35.01318,24.85,8.9,35,5262.18,CASCALHO,11,48000,Scomberomorus brasiliensis,49,44,700,,
30/06/2011,6,OUTONO,PERNAMBUCO,MIMINA,9.5,-8.706004,-35.01318,24.85,8.9,35,5262.18,CASCALHO,11,48000,Scomberomorus brasiliensis,50,44,700,,
30/06/2011,6,OUTONO,PERNAMBUCO,MIMINA,9.5,-8.706004,-35.01318,24.85,8.9,35,5262.18,CASCALHO,11,48000,Scomberomorus brasiliensis,58.5,52,1300,,
30/06/2011,6,OUTONO,PERNAMBUCO,MIMINA,9.5,-8.706004,-35.01318,24.85,8.9,35,5262.18,CASCALHO,11,48000,Scomberomorus brasiliensis,51,45.5,710,,
30/06/2011,6,OUTONO,PERNAMBUCO,MIMINA,9.5,-8.706004,-35.01318,24.85,8.9,35,5262.18,CASCALHO,11,48000,Scomberomorus brasiliensis,52,46,770,,
1/7/2011,7,OUTONO,PERNAMBUCO,MIMINA,9.5,-8.718211,-35.023363,22.6,7.76,35,9970.84,PEDRA,11,87855,Scomberomorus brasiliensis,51,44.5,740,,
1/7/2011,7,OUTONO,PERNAMBUCO,MIMINA,9.5,-8.718211,-35.023363,22.6,7.76,35,9970.84,PEDRA,11,87855,Scomberomorus brasiliensis,48,42,500,,
1/7/2011,7,OUTONO,PERNAMBUCO,MIMINA,9.5,-8.718211,-35.023363,22.6,7.76,35,9970.84,PEDRA,11,87855,Scomberomorus brasiliensis,48,43,690,,
1/7/2011,7,OUTONO,PERNAMBUCO,MIMINA,9.5,-8.718211,-35.023363,22.6,7.76,35,9970.84,PEDRA,11,87855,Scomberomorus brasiliensis,48.5,43,550,,
1/7/2011,7,OUTONO,PERNAMBUCO,MIMINA,9.5,-8.718211,-35.023363,22.6,7.76,35,9970.84,PEDRA,11,87855,Scomberomorus brasiliensis,51.5,45.5,590,,
1/7/2011,7,OUTONO,PERNAMBUCO,MIMINA,9.5,-8.718211,-35.023363,22.6,7.76,35,9970.84,PEDRA,11,87855,Scomberomorus brasiliensis,49.5,43.5,570,,
1/7/2011,7,OUTONO,PERNAMBUCO,MIMINA,9.5,-8.718211,-35.023363,22.6,7.76,35,9970.84,PEDRA,11,87855,Scomberomorus brasiliensis,50,44.5,640,,
1/7/2011,7,OUTONO,PERNAMBUCO,MIMINA,9.5,-8.718211,-35.023363,22.6,7.76,35,9970.84,PEDRA,11,87855,Scomberomorus brasiliensis,53.5,47.5,700,,
1/7/2011,7,OUTONO,PERNAMBUCO,MIMINA,9.5,-8.718211,-35.023363,22.6,7.76,35,9970.84,PEDRA,11,87855,Scomberomorus brasiliensis,57.5,51,940,,
1/7/2011,7,OUTONO,PERNAMBUCO,MIMINA,9.5,-8.718211,-35.023363,22.6,7.76,35,9970.84,PEDRA,11,87855,Scomberomorus brasiliensis,54,48.5,830,,
1/7/2011,7,OUTONO,PERNAMBUCO,MIMINA,9.5,-8.718211,-35.023363,22.6,7.76,35,9970.84,PEDRA,11,87855,Scomberomorus brasiliensis,51.5,45.5,650,,
1/7/2011,7,OUTONO,PERNAMBUCO,MIMINA,9.5,-8.718211,-35.023363,22.6,7.76,35,9970.84,PEDRA,11,87855,Scomberomorus brasiliensis,52.5,47,890,,
1/7/2011,7,OUTONO,PERNAMBUCO,MIMINA,9.5,-8.718211,-35.023363,22.6,7.76,35,9970.84,PEDRA,11,87855,Scomberomorus brasiliensis,52,46,660,,
1/7/2011,7,OUTONO,PERNAMBUCO,MIMINA,9.5,-8.718211,-35.023363,22.6,7.76,35,9970.84,PEDRA,11,87855,Scomberomorus brasiliensis,49,43.5,490,,
1/7/2011,7,OUTONO,PERNAMBUCO,MIMINA,9.5,-8.718211,-35.023363,22.6,7.76,35,9970.84,PEDRA,11,87855,Scomberomorus brasiliensis,54,48,730,,
1/7/2011,7,OUTONO,PERNAMBUCO,MIMINA,9.5,-8.718211,-35.023363,22.6,7.76,35,9970.84,PEDRA,11,87855,Scomberomorus brasiliensis,46.5,41.5,550,,
1/7/2011,7,OUTONO,PERNAMBUCO,MIMINA,9.5,-8.718211,-35.023363,22.6,7.76,35,9970.84,PEDRA,11,87855,Scomberomorus brasiliensis,51.5,44.5,640,,
1/7/2011,7,OUTONO,PERNAMBUCO,MIMINA,9.5,-8.718211,-35.023363,22.6,7.76,35,9970.84,PEDRA,11,87855,Scomberomorus brasiliensis,48.5,42.5,550,,
1/7/2011,7,OUTONO,PERNAMBUCO,MIMINA,9.5,-8.718211,-35.023363,22.6,7.76,35,9970.84,PEDRA,11,87855,Scomberomorus brasiliensis,46.5,40.5,540,,
1/7/2011,7,OUTONO,PERNAMBUCO,MIMINA,9.5,-8.718211,-35.023363,22.6,7.76,35,9970.84,PEDRA,11,87855,Rhizoprionodon porosus,53,43.5,700,F,
1/7/2011,7,OUTONO,PERNAMBUCO,MIMINA,9.5,-8.718211,-35.023363,22.6,7.76,35,9970.84,PEDRA,11,87855,Scomberomorus brasiliensis,53,47,730,,
1/7/2011,7,OUTONO,PERNAMBUCO,MIMINA,9.5,-8.718211,-35.023363,22.6,7.76,35,9970.84,PEDRA,11,87855,Scomberomorus brasiliensis,56.5,50.5,770,,
1/7/2011,7,OUTONO,PERNAMBUCO,MIMINA,9.5,-8.718211,-35.023363,22.6,7.76,35,9970.84,PEDRA,11,87855,Scomberomorus brasiliensis,45.5,40.5,540,,
1/7/2011,7,OUTONO,PERNAMBUCO,MIMINA,9.5,-8.718211,-35.023363,22.6,7.76,35,9970.84,PEDRA,11,87855,Scomberomorus brasiliensis,49,42,490,,
1/7/2011,7,OUTONO,PERNAMBUCO,MIMINA,9.5,-8.718211,-35.023363,22.6,7.76,35,9970.84,PEDRA,11,87855,Scomberomorus brasiliensis,45.5,40.5,450,,
1/7/2011,7,OUTONO,PERNAMBUCO,MIMINA,9.5,-8.718211,-35.023363,22.6,7.76,35,9970.84,PEDRA,11,87855,Scomberomorus brasiliensis,52,45.5,590,,
1/7/2011,7,OUTONO,PERNAMBUCO,MIMINA,9.5,-8.718211,-35.023363,22.6,7.76,35,9970.84,PEDRA,11,87855,Scomberomorus brasiliensis,49,42,460,,
1/7/2011,7,OUTONO,PERNAMBUCO,MIMINA,9.5,-8.718211,-35.023363,22.6,7.76,35,9970.84,PEDRA,11,87855,Scomberomorus brasiliensis,48,43,510,,
1/7/2011,7,OUTONO,PERNAMBUCO,MIMINA,9.5,-8.718211,-35.023363,22.6,7.76,35,9970.84,PEDRA,11,87855,Scomberomorus brasiliensis,50,44.5,540,,
1/7/2011,7,OUTONO,PERNAMBUCO,MIMINA,9.5,-8.718211,-35.023363,22.6,7.76,35,9970.84,PEDRA,11,87855,Scomberomorus brasiliensis,50,43.5,500,,
1/7/2011,7,OUTONO,PERNAMBUCO,MIMINA,9.5,-8.718211,-35.023363,22.6,7.76,35,9970.84,PEDRA,11,87855,Scomberomorus brasiliensis,50.5,44,580,,
1/7/2011,7,OUTONO,PERNAMBUCO,MIMINA,9.5,-8.718211,-35.023363,22.6,7.76,35,9970.84,PEDRA,11,87855,Scomberomorus brasiliensis,51,45,640,,
1/7/2011,7,OUTONO,PERNAMBUCO,MIMINA,9.5,-8.718211,-35.023363,22.6,7.76,35,9970.84,PEDRA,11,87855,Scomberomorus brasiliensis,52.5,45.5,600,,
1/7/2011,7,OUTONO,PERNAMBUCO,MIMINA,9.5,-8.718211,-35.023363,22.6,7.76,35,9970.84,PEDRA,11,87855,Scomberomorus brasiliensis,49.5,44.5,560,,
1/7/2011,7,OUTONO,PERNAMBUCO,MIMINA,9.5,-8.718211,-35.023363,22.6,7.76,35,9970.84,PEDRA,11,87855,Scomberomorus brasiliensis,49.5,44.5,560,,
1/7/2011,7,OUTONO,PERNAMBUCO,MIMINA,9.5,-8.718211,-35.023363,22.6,7.76,35,9970.84,PEDRA,11,87855,Scomberomorus brasiliensis,52,46,610,,
1/7/2011,7,OUTONO,PERNAMBUCO,MIMINA,9.5,-8.718211,-35.023363,22.6,7.76,35,9970.84,PEDRA,11,87855,Scomberomorus brasiliensis,51.5,45,590,,
1/7/2011,7,OUTONO,PERNAMBUCO,MIMINA,9.5,-8.718211,-35.023363,22.6,7.76,35,9970.84,PEDRA,11,87855,Scomberomorus brasiliensis,46.5,41,420,,
1/7/2011,7,OUTONO,PERNAMBUCO,MIMINA,9.5,-8.718211,-35.023363,22.6,7.76,35,9970.84,PEDRA,11,87855,Scomberomorus brasiliensis,45,39.5,410,,
1/7/2011,7,OUTONO,PERNAMBUCO,MIMINA,9.5,-8.718211,-35.023363,22.6,7.76,35,9970.84,PEDRA,11,87855,Scomberomorus brasiliensis,52,44.5,600,,
1/7/2011,7,OUTONO,PERNAMBUCO,MIMINA,9.5,-8.718211,-35.023363,22.6,7.76,35,9970.84,PEDRA,11,87855,Scomberomorus brasiliensis,47,41,530,,
1/7/2011,7,OUTONO,PERNAMBUCO,MIMINA,9.5,-8.718211,-35.023363,22.6,7.76,35,9970.84,PEDRA,11,87855,Scomberomorus brasiliensis,51,44.5,450,,
1/7/2011,7,OUTONO,PERNAMBUCO,MIMINA,9.5,-8.718211,-35.023363,22.6,7.76,35,9970.84,PEDRA,11,87855,Scomberomorus brasiliensis,44.5,49,440,,
1/7/2011,7,OUTONO,PERNAMBUCO,MIMINA,9.5,-8.718211,-35.023363,22.6,7.76,35,9970.84,PEDRA,11,87855,Scomberomorus brasiliensis,46.5,41,480,,
1/7/2011,7,OUTONO,PERNAMBUCO,MIMINA,9.5,-8.718211,-35.023363,22.6,7.76,35,9970.84,PEDRA,11,87855,Scomberomorus brasiliensis,56,50,880,,
1/7/2011,7,OUTONO,PERNAMBUCO,MIMINA,9.5,-8.718211,-35.023363,22.6,7.76,35,9970.84,PEDRA,11,87855,Scomberomorus brasiliensis,60,53,900,,
1/7/2011,7,OUTONO,PERNAMBUCO,MIMINA,9.5,-8.718211,-35.023363,22.6,7.76,35,9970.84,PEDRA,11,87855,Scomberomorus brasiliensis,49,43,480,,
1/7/2011,7,OUTONO,PERNAMBUCO,MIMINA,9.5,-8.718211,-35.023363,22.6,7.76,35,9970.84,PEDRA,11,87855,Scomberomorus brasiliensis,51,45,580,,
1/7/2011,7,OUTONO,PERNAMBUCO,MIMINA,9.5,-8.718211,-35.023363,22.6,7.76,35,9970.84,PEDRA,11,87855,Scomberomorus brasiliensis,52.5,46.5,630,,
1/7/2011,7,OUTONO,PERNAMBUCO,MIMINA,9.5,-8.718211,-35.023363,22.6,7.76,35,9970.84,PEDRA,11,87855,Scomberomorus brasiliensis,59.5,53,1200,,
1/7/2011,7,OUTONO,PERNAMBUCO,MIMINA,9.5,-8.718211,-35.023363,22.6,7.76,35,9970.84,PEDRA,11,87855,Scomberomorus brasiliensis,56.5,50.5,860,,
1/7/2011,7,OUTONO,PERNAMBUCO,MIMINA,9.5,-8.718211,-35.023363,22.6,7.76,35,9970.84,PEDRA,11,87855,Scomberomorus brasiliensis,52.5,46,610,,
1/7/2011,7,OUTONO,PERNAMBUCO,MIMINA,9.5,-8.718211,-35.023363,22.6,7.76,35,9970.84,PEDRA,11,87855,Scomberomorus brasiliensis,47.5,42,500,,
1/7/2011,7,OUTONO,PERNAMBUCO,MIMINA,9.5,-8.718211,-35.023363,22.6,7.76,35,9970.84,PEDRA,11,87855,Scomberomorus brasiliensis,46.5,40.5,470,,
1/7/2011,7,OUTONO,PERNAMBUCO,MIMINA,9.5,-8.718211,-35.023363,22.6,7.76,35,9970.84,PEDRA,11,87855,Scomberomorus brasiliensis,50.5,44.5,700,,
1/7/2011,7,OUTONO,PERNAMBUCO,MIMINA,9.5,-8.718211,-35.023363,22.6,7.76,35,9970.84,PEDRA,11,87855,Scomberomorus brasiliensis,50.5,44.5,610,,
1/7/2011,7,OUTONO,PERNAMBUCO,MIMINA,9.5,-8.718211,-35.023363,22.6,7.76,35,9970.84,PEDRA,11,87855,Scomberomorus brasiliensis,51.5,45,670,,
1/7/2011,7,OUTONO,PERNAMBUCO,MIMINA,9.5,-8.718211,-35.023363,22.6,7.76,35,9970.84,PEDRA,11,87855,Scomberomorus brasiliensis,57,51.5,950,,
1/7/2011,7,OUTONO,PERNAMBUCO,MIMINA,9.5,-8.718211,-35.023363,22.6,7.76,35,9970.84,PEDRA,11,87855,Scomberomorus brasiliensis,50.5,43.5,590,,
1/7/2011,7,OUTONO,PERNAMBUCO,MIMINA,9.5,-8.718211,-35.023363,22.6,7.76,35,9970.84,PEDRA,11,87855,Scomberomorus brasiliensis,49,43.5,530,,
1/7/2011,7,OUTONO,PERNAMBUCO,MIMINA,9.5,-8.718211,-35.023363,22.6,7.76,35,9970.84,PEDRA,11,87855,Scomberomorus brasiliensis,51.5,46,650,,
1/7/2011,7,OUTONO,PERNAMBUCO,MIMINA,9.5,-8.718211,-35.023363,22.6,7.76,35,9970.84,PEDRA,11,87855,Scomberomorus brasiliensis,50,44.5,630,,
1/7/2011,7,OUTONO,PERNAMBUCO,MIMINA,9.5,-8.718211,-35.023363,22.6,7.76,35,9970.84,PEDRA,11,87855,Rhizoprionodon porosus,63,52,1030,F,
1/7/2011,7,OUTONO,PERNAMBUCO,MIMINA,9.5,-8.718211,-35.023363,22.6,7.76,35,9970.84,PEDRA,11,87855,Scomberomorus brasiliensis,60,61,1610,,
1/7/2011,7,OUTONO,PERNAMBUCO,MIMINA,9.5,-8.718211,-35.023363,22.6,7.76,35,9970.84,PEDRA,11,87855,Scomberomorus brasiliensis,52.5,46.5,700,,
5/7/2011,7,OUTONO,PERNAMBUCO,O SR VIVE,7,-8.314055,-34.900702,17.5,4.77,45,5421.64,LAMA,4,21840,Scomberomorus brasiliensis,56.5,49.5,840,,
6/7/2011,7,OUTONO,PERNAMBUCO,O SR VIVE,7,-8.30326,-34.879528,21.9,8.13,45,4697.1,AREIA,5,9480,Scomberomorus brasiliensis,52,46,770,,
6/8/2011,8,OUTONO,PERNAMBUCO,O SR VIVE,7,-8.115322,-34.770911,24,12.25,45,4565.69,PEDRA,10,16030,Rhizoprionodon porosus,63,51.5,1020,M,
6/9/2011,9,INVERNO,PERNAMBUCO,O SR VIVE,7,-8.190917,-34.86232,18.9,6.11,45,11245.5,PEDRA,4,28230,Scomberomorus brasiliensis,55.5,48.5,860,,
6/9/2011,9,INVERNO,PERNAMBUCO,O SR VIVE,7,-8.190917,-34.86232,18.9,6.11,45,11245.5,PEDRA,4,28230,Scomberomorus brasiliensis,57,50.5,1050,,
6/9/2011,9,INVERNO,PERNAMBUCO,O SR VIVE,7,-8.190917,-34.86232,18.9,6.11,45,11245.5,PEDRA,4,28230,Scomberomorus brasiliensis,51,44.5,700,,
6/9/2011,9,INVERNO,PERNAMBUCO,O SR VIVE,7,-8.190917,-34.86232,18.9,6.11,45,11245.5,PEDRA,4,28230,Scomberomorus brasiliensis,52.5,46,730,,
6/9/2011,9,INVERNO,PERNAMBUCO,O SR VIVE,7,-8.190917,-34.86232,18.9,6.11,45,11245.5,PEDRA,4,28230,Scomberomorus brasiliensis,50.5,43,620,,
6/9/2011,9,INVERNO,PERNAMBUCO,O SR VIVE,7,-8.190917,-34.86232,18.9,6.11,45,11245.5,PEDRA,4,28230,Scomberomorus brasiliensis,49.5,43,650,,
7/9/2011,9,INVERNO,PERNAMBUCO,O SR VIVE,7,-8.187767,-34.81507,26.1,10.95,45,4396.71,CASCALHO,8,29510,Scomberomorus brasiliensis,54.5,47.5,830,,
7/9/2011,9,INVERNO,PERNAMBUCO,O SR VIVE,7,-8.187767,-34.81507,26.1,10.95,45,4396.71,CASCALHO,8,29510,Scomberomorus brasiliensis,50.5,44.5,650,,
7/9/2011,9,INVERNO,PERNAMBUCO,O SR VIVE,7,-8.187767,-34.81507,26.1,10.95,45,4396.71,CASCALHO,8,29510,Scomberomorus brasiliensis,50,44.5,640,,
7/9/2011,9,INVERNO,PERNAMBUCO,O SR VIVE,7,-8.187767,-34.81507,26.1,10.95,45,4396.71,CASCALHO,8,29510,Scomberomorus brasiliensis,45.5,39,510,,
7/9/2011,9,INVERNO,PERNAMBUCO,O SR VIVE,7,-8.187767,-34.81507,26.1,10.95,45,4396.71,CASCALHO,8,29510,Scomberomorus brasiliensis,47.5,41,560,,
7/9/2011,9,INVERNO,PERNAMBUCO,O SR VIVE,7,-8.187767,-34.81507,26.1,10.95,45,4396.71,CASCALHO,8,29510,Scomberomorus brasiliensis,48.5,42.5,610,,
7/9/2011,9,INVERNO,PERNAMBUCO,O SR VIVE,7,-8.187767,-34.81507,26.1,10.95,45,4396.71,CASCALHO,8,29510,Scomberomorus brasiliensis,45.5,39.5,470,,
7/9/2011,9,INVERNO,PERNAMBUCO,O SR VIVE,7,-8.187767,-34.81507,26.1,10.95,45,4396.71,CASCALHO,8,29510,Scomberomorus brasiliensis,49,43.5,700,,
7/9/2011,9,INVERNO,PERNAMBUCO,O SR VIVE,7,-8.187767,-34.81507,26.1,10.95,45,4396.71,CASCALHO,8,29510,Scomberomorus brasiliensis,43.5,38.5,430,,
7/9/2011,9,INVERNO,PERNAMBUCO,O SR VIVE,7,-8.187767,-34.81507,26.1,10.95,45,4396.71,CASCALHO,8,29510,Scomberomorus brasiliensis,44.5,37.5,430,,
7/9/2011,9,INVERNO,PERNAMBUCO,O SR VIVE,7,-8.187767,-34.81507,26.1,10.95,45,4396.71,CASCALHO,8,29510,Scomberomorus brasiliensis,44.5,38.5,460,,
7/9/2011,9,INVERNO,PERNAMBUCO,O SR VIVE,7,-8.187767,-34.81507,26.1,10.95,45,4396.71,CASCALHO,8,29510,Scomberomorus brasiliensis,48,41.5,630,,
7/9/2011,9,INVERNO,PERNAMBUCO,O SR VIVE,7,-8.187767,-34.81507,26.1,10.95,45,4396.71,CASCALHO,8,29510,Scomberomorus brasiliensis,52.5,46,780,,
7/9/2011,9,INVERNO,PERNAMBUCO,O SR VIVE,7,-8.187767,-34.81507,26.1,10.95,45,4396.71,CASCALHO,8,29510,Scomberomorus brasiliensis,49,43.5,610,,
7/9/2011,9,INVERNO,PERNAMBUCO,O SR VIVE,7,-8.187767,-34.81507,26.1,10.95,45,4396.71,CASCALHO,8,29510,Scomberomorus brasiliensis,54,48,840,,
7/9/2011,9,INVERNO,PERNAMBUCO,O SR VIVE,7,-8.187767,-34.81507,26.1,10.95,45,4396.71,CASCALHO,8,29510,Scomberomorus brasiliensis,42.5,36.5,420,,
7/9/2011,9,INVERNO,PERNAMBUCO,O SR VIVE,7,-8.187767,-34.81507,26.1,10.95,45,4396.71,CASCALHO,8,29510,Scomberomorus brasiliensis,47.5,41.5,600,,
7/9/2011,9,INVERNO,PERNAMBUCO,O SR VIVE,7,-8.187767,-34.81507,26.1,10.95,45,4396.71,CASCALHO,8,29510,Scomberomorus brasiliensis,50,43,570,,
7/9/2011,9,INVERNO,PERNAMBUCO,O SR VIVE,7,-8.187767,-34.81507,26.1,10.95,45,4396.71,CASCALHO,8,29510,Scomberomorus brasiliensis,44,37,440,,
7/9/2011,9,INVERNO,PERNAMBUCO,O SR VIVE,7,-8.187767,-34.81507,26.1,10.95,45,4396.71,CASCALHO,8,29510,Scomberomorus brasiliensis,51,45,570,,
7/9/2011,9,INVERNO,PERNAMBUCO,O SR VIVE,7,-8.187767,-34.81507,26.1,10.95,45,4396.71,CASCALHO,8,29510,Scomberomorus brasiliensis,42.5,36.5,390,,
7/9/2011,9,INVERNO,PERNAMBUCO,O SR VIVE,7,-8.187767,-34.81507,26.1,10.95,45,4396.71,CASCALHO,8,29510,Scomberomorus brasiliensis,49,42,580,,
7/9/2011,9,INVERNO,PERNAMBUCO,O SR VIVE,7,-8.187767,-34.81507,26.1,10.95,45,4396.71,CASCALHO,8,29510,Scomberomorus brasiliensis,43,37,450,,
7/9/2011,9,INVERNO,PERNAMBUCO,O SR VIVE,7,-8.187767,-34.81507,26.1,10.95,45,4396.71,CASCALHO,8,29510,Scomberomorus brasiliensis,47.5,41.5,570,,
7/9/2011,9,INVERNO,PERNAMBUCO,O SR VIVE,7,-8.187767,-34.81507,26.1,10.95,45,4396.71,CASCALHO,8,29510,Scomberomorus brasiliensis,43,37,430,,
7/9/2011,9,INVERNO,PERNAMBUCO,O SR VIVE,7,-8.187767,-34.81507,26.1,10.95,45,4396.71,CASCALHO,8,29510,Scomberomorus brasiliensis,51,43.5,630,,
7/9/2011,9,INVERNO,PERNAMBUCO,O SR VIVE,7,-8.187767,-34.81507,26.1,10.95,45,4396.71,CASCALHO,8,29510,Scomberomorus brasiliensis,52,45,700,,
7/9/2011,9,INVERNO,PERNAMBUCO,O SR VIVE,7,-8.187767,-34.81507,26.1,10.95,45,4396.71,CASCALHO,8,29510,Scomberomorus brasiliensis,50.5,44,620,,
7/9/2011,9,INVERNO,PERNAMBUCO,O SR VIVE,7,-8.187767,-34.81507,26.1,10.95,45,4396.71,CASCALHO,8,29510,Scomberomorus brasiliensis,46,39.5,480,,
7/9/2011,9,INVERNO,PERNAMBUCO,O SR VIVE,7,-8.187767,-34.81507,26.1,10.95,45,4396.71,CASCALHO,8,29510,Scomberomorus brasiliensis,47.5,41,560,,
7/9/2011,9,INVERNO,PERNAMBUCO,O SR VIVE,7,-8.187767,-34.81507,26.1,10.95,45,4396.71,CASCALHO,8,29510,Scomberomorus brasiliensis,47.5,41.5,540,,
7/9/2011,9,INVERNO,PERNAMBUCO,O SR VIVE,7,-8.187767,-34.81507,26.1,10.95,45,4396.71,CASCALHO,8,29510,Scomberomorus brasiliensis,45,38.5,530,,
7/9/2011,9,INVERNO,PERNAMBUCO,O SR VIVE,7,-8.187767,-34.81507,26.1,10.95,45,4396.71,CASCALHO,8,29510,Scomberomorus brasiliensis,51,43.5,680,,
7/9/2011,9,INVERNO,PERNAMBUCO,O SR VIVE,7,-8.187767,-34.81507,26.1,10.95,45,4396.71,CASCALHO,8,29510,Scomberomorus brasiliensis,44,38.5,530,,
7/9/2011,9,INVERNO,PERNAMBUCO,O SR VIVE,7,-8.187767,-34.81507,26.1,10.95,45,4396.71,CASCALHO,8,29510,Scomberomorus brasiliensis,51,43.5,680,,
7/9/2011,9,INVERNO,PERNAMBUCO,O SR VIVE,7,-8.187767,-34.81507,26.1,10.95,45,4396.71,CASCALHO,8,29510,Scomberomorus brasiliensis,44,38.5,530,,
7/9/2011,9,INVERNO,PERNAMBUCO,O SR VIVE,7,-8.187767,-34.81507,26.1,10.95,45,4396.71,CASCALHO,8,29510,Scomberomorus brasiliensis,49,43,700,,
7/9/2011,9,INVERNO,PERNAMBUCO,O SR VIVE,7,-8.187767,-34.81507,26.1,10.95,45,4396.71,CASCALHO,8,29510,Scomberomorus brasiliensis,58,51.5,990,,
7/9/2011,9,INVERNO,PERNAMBUCO,O SR VIVE,7,-8.187767,-34.81507,26.1,10.95,45,4396.71,CASCALHO,8,29510,Scomberomorus brasiliensis,44,38,450,,
7/9/2011,9,INVERNO,PERNAMBUCO,O SR VIVE,7,-8.187767,-34.81507,26.1,10.95,45,4396.71,CASCALHO,8,29510,Scomberomorus brasiliensis,54.5,46.5,710,,
7/9/2011,9,INVERNO,PERNAMBUCO,O SR VIVE,7,-8.187767,-34.81507,26.1,10.95,45,4396.71,CASCALHO,8,29510,Scomberomorus brasiliensis,58.5,51,1050,,
13/09/2011,9,INVERNO,PERNAMBUCO,O SR VIVE,7,-8.220564,-34.717752,36.6,22.19,45,13688.4,PEDRA,16,43990,Rhizoprionodon porosus,69.5,58,1020,F,
14/09/2011,9,INVERNO,PERNAMBUCO,O SR VIVE,7,-8.2171,-34.671877,40.9,26.8,45,8606.25,PEDRA,17,39910,Rhizoprionodon porosus,73.5,61,1700,F,
20/09/2011,9,INVERNO,PERNAMBUCO,,8,-8.050451,-34.795272,19.2,6.81,45,7480,PEDRA,3,8276,Scomberomorus brasiliensis,59,53,1000,,
21/09/2011,9,INVERNO,PERNAMBUCO,,8,-8.049524,-34.782316,22,7.93,40,5316.75,PEDRA,4,10399,Scomberomorus brasiliensis,49,43,605,,
21/09/2011,9,INVERNO,PERNAMBUCO,,8,-8.049524,-34.782316,22,7.93,40,5316.75,PEDRA,4,10399,Scomberomorus brasiliensis,54.5,47.5,770,,
27/09/2011,9,INVERNO,PERNAMBUCO,UMATEUS,9.4,-8.521628,-34.961886,23.6,4.73,35,10899.72,LAMA,5,28706,Scomberomorus brasiliensis,52,45,970,,
27/09/2011,9,INVERNO,PERNAMBUCO,UMATEUS,9.4,-8.521628,-34.961886,23.6,4.73,35,10899.72,LAMA,5,28706,Scomberomorus brasiliensis,49,43,530,,
27/09/2011,9,INVERNO,PERNAMBUCO,UMATEUS,9.4,-8.521628,-34.961886,23.6,4.73,35,10899.72,LAMA,5,28706,Scomberomorus brasiliensis,41,35,320,,
27/09/2011,9,INVERNO,PERNAMBUCO,UMATEUS,9.4,-8.521628,-34.961886,23.6,4.73,35,10899.72,LAMA,5,28706,Scomberomorus brasiliensis,44,38.5,420,,
27/09/2011,9,INVERNO,PERNAMBUCO,UMATEUS,9.4,-8.521628,-34.961886,23.6,4.73,35,10899.72,LAMA,5,28706,Rhizoprionodon porosus,50,41,400,F,
27/09/2011,9,INVERNO,PERNAMBUCO,UMATEUS,9.4,-8.508015,-34.954434,24,5.44,35,7111.1,CASCALHO,6,30460,Rhizoprionodon porosus,42,35,330,F,
27/09/2011,9,INVERNO,PERNAMBUCO,UMATEUS,9.4,-8.508015,-34.954434,24,5.44,35,7111.1,CASCALHO,6,30460,Scomberomorus brasiliensis,43,37.5,384,,
27/09/2011,9,INVERNO,PERNAMBUCO,UMATEUS,9.4,-8.508015,-34.954434,24,5.44,35,7111.1,CASCALHO,6,30460,Scomberomorus brasiliensis,44,39,480,,
27/09/2011,9,INVERNO,PERNAMBUCO,UMATEUS,9.4,-8.508015,-34.954434,24,5.44,35,7111.1,CASCALHO,6,30460,Scomberomorus brasiliensis,62,54.5,1584,,
27/09/2011,9,INVERNO,PERNAMBUCO,UMATEUS,9.4,-8.508015,-34.954434,24,5.44,35,7111.1,CASCALHO,6,30460,Scomberomorus brasiliensis,53.5,48,800,,
27/09/2011,9,INVERNO,PERNAMBUCO,UMATEUS,9.4,-8.508015,-34.954434,24,5.44,35,7111.1,CASCALHO,6,30460,Scomberomorus brasiliensis,34.5,30,260,,
27/09/2011,9,INVERNO,PERNAMBUCO,UMATEUS,9.4,-8.508015,-34.954434,24,5.44,35,7111.1,CASCALHO,6,30460,Scomberomorus brasiliensis,43.5,38.5,448,,
27/09/2011,9,INVERNO,PERNAMBUCO,UMATEUS,9.4,-8.508015,-34.954434,24,5.44,35,7111.1,CASCALHO,6,30460,Scomberomorus brasiliensis,40,35.5,400,,
27/09/2011,9,INVERNO,PERNAMBUCO,UMATEUS,9.4,-8.508015,-34.954434,24,5.44,35,7111.1,CASCALHO,6,30460,Scomberomorus brasiliensis,32.5,29,185,,
27/09/2011,9,INVERNO,PERNAMBUCO,UMATEUS,9.4,-8.508015,-34.954434,24,5.44,35,7111.1,CASCALHO,6,30460,Scomberomorus brasiliensis,56,49.5,953,,
27/09/2011,9,INVERNO,PERNAMBUCO,UMATEUS,9.4,-8.508015,-34.954434,24,5.44,35,7111.1,CASCALHO,6,30460,Scomberomorus brasiliensis,42.5,37.5,382,,
27/09/2011,9,INVERNO,PERNAMBUCO,UMATEUS,9.4,-8.508015,-34.954434,24,5.44,35,7111.1,CASCALHO,6,30460,Scomberomorus brasiliensis,34,29.5,236,,
28/09/2011,9,INVERNO,PERNAMBUCO,UMATEUS,9.4,-8.48319,-34.95108,21.1,4.66,35,28179.2,CASCALHO,6,7274,Rhizoprionodon porosus,67,56,720,M,
28/09/2011,9,INVERNO,PERNAMBUCO,UMATEUS,9.4,-8.467442,-34.948786,20.6,4.1,35,44773.75,CASCALHO,6,53573,Scomberomorus brasiliensis,48,41,500,,
29/09/2011,9,PRIMAVERA,PERNAMBUCO,UMATEUS,9.4,-8.473354,-34.968642,19.3,2.49,35,18115.2,LAMA,4,41408,Scomberomorus brasiliensis,48,42,523,,
31/08/2021,8,INVERNO,PERNAMBUCO,,,-8.239,-34.865,24.4,6.6,45,15427.5,LAMA,5,59117,Scomberomorus brasiliensis,55,48,890,,
31/08/2021,8,INVERNO,PERNAMBUCO,,,-8.239,-34.865,24.4,6.6,45,15427.5,LAMA,5,59117,Scomberomorus brasiliensis,56,50,820,,
31/08/2021,8,INVERNO,PERNAMBUCO,,,-8.239,-34.865,24.4,6.6,45,15427.5,LAMA,5,59117,Scomberomorus brasiliensis,46,40,488,,
31/08/2021,8,INVERNO,PERNAMBUCO,,,-8.239,-34.865,24.4,6.6,45,15427.5,LAMA,5,59117,Scomberomorus brasiliensis,57.5,52,822,,
31/08/2021,8,INVERNO,PERNAMBUCO,,,-8.239,-34.865,24.4,6.6,45,15427.5,LAMA,5,59117,Scomberomorus brasiliensis,57,51,877,,
31/08/2021,8,INVERNO,PERNAMBUCO,,,-8.239,-34.865,24.4,6.6,45,15427.5,LAMA,5,59117,Scomberomorus brasiliensis,60,53.5,974,,
31/08/2021,8,INVERNO,PERNAMBUCO,,,-8.239,-34.865,24.4,6.6,45,15427.5,LAMA,5,59117,Scomberomorus brasiliensis,55.5,49,765,,
31/08/2021,8,INVERNO,PERNAMBUCO,,,-8.239,-34.865,24.4,6.6,45,15427.5,LAMA,5,59117,Scomberomorus brasiliensis,59,52.5,980,,
31/08/2021,8,INVERNO,PERNAMBUCO,,,-8.239,-34.865,24.4,6.6,45,15427.5,LAMA,5,59117,Scomberomorus brasiliensis,58,51.5,986,,
31/08/2021,8,INVERNO,PERNAMBUCO,,,-8.239,-34.865,24.4,6.6,45,15427.5,LAMA,5,59117,Scomberomorus brasiliensis,54,48,831,,
31/08/2021,8,INVERNO,PERNAMBUCO,,,-8.239,-34.865,24.4,6.6,45,15427.5,LAMA,5,59117,Scomberomorus brasiliensis,55,49,762,,
31/08/2021,8,INVERNO,PERNAMBUCO,,,-8.239,-34.865,24.4,6.6,45,15427.5,LAMA,5,59117,Rhizoprionodon porosus,62.5,50.5,695,,
31/08/2021,8,INVERNO,PERNAMBUCO,,,-8.239,-34.865,24.4,6.6,45,15427.5,LAMA,5,59117,Rhizoprionodon porosus,49.5,39.5,353,,
31/08/2021,8,INVERNO,PERNAMBUCO,,,-8.239,-34.865,24.4,6.6,45,15427.5,LAMA,5,59117,Rhizoprionodon porosus,53,44,537,,
31/08/2021,8,INVERNO,PERNAMBUCO,,,-8.239,-34.865,24.4,6.6,45,15427.5,LAMA,5,59117,Rhizoprionodon porosus,58.5,48,638,,
31/08/2021,8,INVERNO,PERNAMBUCO,,,-8.239,-34.865,24.4,6.6,45,15427.5,LAMA,5,59117,Rhizoprionodon porosus,56,45,633,,
31/08/2021,8,INVERNO,PERNAMBUCO,,,-8.239,-34.865,24.4,6.6,45,15427.5,LAMA,5,59117,Rhizoprionodon porosus,41.5,34,233,,
31/08/2021,8,INVERNO,PERNAMBUCO,,,-8.239,-34.865,24.4,6.6,45,15427.5,LAMA,5,59117,Rhizoprionodon porosus,54,44,434,,
31/08/2021,8,INVERNO,PERNAMBUCO,,,-8.239,-34.865,24.4,6.6,45,15427.5,LAMA,5,59117,Rhizoprionodon porosus,51,41.5,438,,
31/08/2021,8,INVERNO,PERNAMBUCO,,,-8.239,-34.865,24.4,6.6,45,15427.5,LAMA,5,59117,Rhizoprionodon porosus,55,44.5,483,,
31/08/2021,8,INVERNO,PERNAMBUCO,,,-8.239,-34.865,24.4,6.6,45,15427.5,LAMA,5,59117,Rhizoprionodon porosus,54.5,45,523,,
31/08/2021,8,INVERNO,PERNAMBUCO,,,-8.239,-34.865,24.4,6.6,45,15427.5,LAMA,5,59117,Rhizoprionodon porosus,53,43,463,,
31/08/2021,8,INVERNO,PERNAMBUCO,,,-8.239,-34.865,24.4,6.6,45,15427.5,LAMA,5,59117,Rhizoprionodon porosus,52,42.5,368,,
31/08/2021,8,INVERNO,PERNAMBUCO,,,-8.239,-34.865,24.4,6.6,45,15427.5,LAMA,5,59117,Rhizoprionodon porosus,47.5,38,386,,
31/08/2021,8,INVERNO,PERNAMBUCO,,,-8.239,-34.865,24.4,6.6,45,15427.5,LAMA,5,59117,Scomberomorus brasiliensis,24,22,83,,
31/08/2021,8,INVERNO,PERNAMBUCO,,,-8.239,-34.865,24.4,6.6,45,15427.5,LAMA,5,59117,Scomberomorus brasiliensis,21.5,19,47,,
7/10/2021,10,PRIMAVERA,PERNAMBUCO,,,-8.17,-34.867,17.5,4.9,45,11921.25,PEDRA,8,32856,Rhizoprionodon porosus,42,34,267,,
7/10/2021,10,PRIMAVERA,PERNAMBUCO,,,-8.17,-34.867,17.5,4.9,45,11921.25,PEDRA,8,32856,Rhizoprionodon porosus,44,36,306,,
7/10/2021,10,PRIMAVERA,PERNAMBUCO,,,-8.17,-34.867,17.5,4.9,45,11921.25,PEDRA,8,32856,Rhizoprionodon porosus,43,35.5,285,,
7/10/2021,10,PRIMAVERA,PERNAMBUCO,,,-8.17,-34.867,17.5,4.9,45,11921.25,PEDRA,8,32856,Rhizoprionodon porosus,50,40,418,,
7/10/2021,10,PRIMAVERA,PERNAMBUCO,,,-8.17,-34.867,17.5,4.9,45,11921.25,PEDRA,8,32856,Scomberomorus brasiliensis,53,47,766,,
7/10/2021,10,PRIMAVERA,PERNAMBUCO,,,-8.17,-34.867,17.5,4.9,45,11921.25,PEDRA,8,32856,Scomberomorus brasiliensis,48,42.5,578,,
7/10/2021,10,PRIMAVERA,PERNAMBUCO,,,-8.17,-34.867,17.5,4.9,45,11921.25,PEDRA,8,32856,Scomberomorus brasiliensis,62,56,1310,,
7/10/2021,10,PRIMAVERA,PERNAMBUCO,,,-8.17,-34.867,17.5,4.9,45,11921.25,PEDRA,8,32856,Scomberomorus brasiliensis,53,47,741,,
7/10/2021,10,PRIMAVERA,PERNAMBUCO,,,-8.17,-34.867,17.5,4.9,45,11921.25,PEDRA,8,32856,Scomberomorus brasiliensis,54,48,815,,
11/2/2022,2,VERÃO,PERNAMBUCO,,,-8.212,-34.882,19,3.6,45,2279.53,CASCALHO,8,4604,Rhizoprionodon porosus,48,39.5,436,,
11/2/2022,2,VERÃO,PERNAMBUCO,,,-8.212,-34.882,19,3.6,45,2279.53,CASCALHO,8,4604,Rhizoprionodon porosus,54,43,518,,
5/4/2022,4,OUTONO,PERNAMBUCO,,,-7.972,-34.784,18,5.243,45,7650,CASCALHO,4,15602,Scomberomorus brasiliensis,66,57,1345,,
5/4/2022,4,OUTONO,PERNAMBUCO,,,-7.972,-34.784,18,5.243,45,7650,CASCALHO,4,15602,Scomberomorus brasiliensis,67,58,1480,,
12/5/2022,5,OUTONO,PERNAMBUCO,,,-8.288,-34.798,32,15.762,45,10136.08,PEDRA,12,110225,Scomberomorus brasiliensis,59,51,779,,
12/5/2022,5,OUTONO,PERNAMBUCO,,,-8.288,-34.798,32,15.762,45,10136.08,PEDRA,12,110225,Rhizoprionodon porosus,56.5,46,572,,
12/5/2022,5,OUTONO,PERNAMBUCO,,,-8.288,-34.798,32,15.762,45,10136.08,PEDRA,12,110225,Rhizoprionodon porosus,60,49.5,805,,
7/22/2022,7,INVERNO,PERNAMBUCO,,,-8.124,-34.781,23,11.66,45,12495,PEDRA,6,68160,Rhizoprionodon porosus,51,41.5,510,,
8/15/2022,8,INVERNO,PERNAMBUCO,,,-7.879,-34.748,21,9.4,45,21850.95,PEDRA,7,21450,Rhizoprionodon porosus,55.5,45.5,600,,
8/15/2022,8,INVERNO,PERNAMBUCO,,,-7.879,-34.748,21,9.4,45,21850.95,PEDRA,7,21450,Rhizoprionodon porosus,53,43.5,560,,
8/15/2022,8,INVERNO,PERNAMBUCO,,,-7.879,-34.748,21,9.4,45,21850.95,PEDRA,7,21450,Rhizoprionodon porosus,47.5,38,405,,
8/15/2022,8,INVERNO,PERNAMBUCO,,,-7.879,-34.748,21,9.4,45,21850.95,PEDRA,7,21450,Rhizoprionodon porosus,50,40.5,495,,
8/15/2022,8,INVERNO,PERNAMBUCO,,,-7.879,-34.748,21,9.4,45,21850.95,PEDRA,7,21450,Rhizoprionodon porosus,53,42.2,605,,
8/15/2022,8,INVERNO,PERNAMBUCO,,,-7.879,-34.748,21,9.4,45,21850.95,PEDRA,7,21450,Rhizoprionodon porosus,44,35.5,345,,
8/15/2022,8,INVERNO,PERNAMBUCO,,,-7.879,-34.748,21,9.4,45,21850.95,PEDRA,7,21450,Rhizoprionodon porosus,40.5,32.5,220,,
8/15/2022,8,INVERNO,PERNAMBUCO,,,-7.879,-34.748,21,9.4,45,21850.95,PEDRA,7,21450,Rhizoprionodon porosus,46.5,38.5,265,,
8/15/2022,8,INVERNO,PERNAMBUCO,,,-7.879,-34.748,21,9.4,45,21850.95,PEDRA,7,21450,Rhizoprionodon porosus,44.5,37,345,,
8/15/2022,8,INVERNO,PERNAMBUCO,,,-7.879,-34.748,21,9.4,45,21850.95,PEDRA,7,21450,Rhizoprionodon porosus,47.5,38.5,440,,
8/15/2022,8,INVERNO,PERNAMBUCO,,,-7.879,-34.748,21,9.4,45,21850.95,PEDRA,7,21450,Rhizoprionodon porosus,44.5,36.5,245,,
14/09/2022,9,iNVERNO,PERNAMBUCO,,,-7.643,-34.616,32,21.16,45,5748.21,CASCALHO,12,35070,Rhizoprionodon porosus,69.3,58.4,1520,,
10/8/2022,10,PRIMAVERA,PERNAMBUCO,,,-8.499,-34.949,20.5,6.03,45,12285.56,LAMA,6,7160,Scomberomorus brasiliensis,61,52,583,,
10/8/2022,10,PRIMAVERA,PERNAMBUCO,,,-8.499,-34.949,20.5,6.03,45,12285.56,LAMA,6,7160,Scomberomorus brasiliensis,48,43,309,,
10/8/2022,10,PRIMAVERA,PERNAMBUCO,,,-8.499,-34.949,20.5,6.03,45,12285.56,LAMA,6,7160,Scomberomorus brasiliensis,53,48,517,,
10/8/2022,10,PRIMAVERA,PERNAMBUCO,,,-8.499,-34.949,20.5,6.03,45,12285.56,LAMA,6,7160,Scomberomorus brasiliensis,54,47.5,397,,
10/9/2022,10,PRIMAVERA,PERNAMBUCO,,,-8.55,-34.941,24,8.32,45,11696.68,CASCALHO,9,22880,Scomberomorus brasiliensis,49,43,635,,
10/9/2022,10,PRIMAVERA,PERNAMBUCO,,,-8.55,-34.941,24,8.32,45,11696.68,CASCALHO,9,22880,Scomberomorus brasiliensis,43,37.5,400,,
10/9/2022,10,PRIMAVERA,PERNAMBUCO,,,-8.55,-34.941,24,8.32,45,11696.68,CASCALHO,9,22880,Scomberomorus brasiliensis,49,43,690,,
10/9/2022,10,PRIMAVERA,PERNAMBUCO,,,-8.55,-34.941,24,8.32,45,11696.68,CASCALHO,9,22880,Scomberomorus brasiliensis,57,50.5,915,,
10/9/2022,10,PRIMAVERA,PERNAMBUCO,,,-8.55,-34.941,24,8.32,45,11696.68,CASCALHO,9,22880,Scomberomorus brasiliensis,51,44.5,660,,
10/9/2022,10,PRIMAVERA,PERNAMBUCO,,,-8.55,-34.941,24,8.32,45,11696.68,CASCALHO,9,22880,Scomberomorus brasiliensis,53,47.5,800,,
10/10/2022,10,PRIMAVERA,PERNAMBUCO,,,-8.546,-34.896,33,13.01,45,11352.6,CASCALHO,13,19044,Scomberomorus brasiliensis,58,50,885,,
10/10/2022,10,PRIMAVERA,PERNAMBUCO,,,-8.546,-34.896,33,13.01,45,11352.6,CASCALHO,13,19044,Rhizoprionodon porosus,73.6,60,1230,,
10/11/2022,10,PRIMAVERA,PERNAMBUCO,,,-8.568,-34.828,36,20.19,45,14567.3,PEDRA,18,140779,Rhizoprionodon porosus,82,68.5,2000,,
10/11/2022,10,PRIMAVERA,PERNAMBUCO,,,-8.568,-34.828,36,20.19,45,14567.3,PEDRA,18,140779,Rhizoprionodon porosus,88.5,73,2770,,
10/11/2022,10,PRIMAVERA,PERNAMBUCO,,,-8.568,-34.828,36,20.19,45,14567.3,PEDRA,18,140779,Rhizoprionodon porosus,80.5,77,2100,,
10/11/2022,10,PRIMAVERA,PERNAMBUCO,,,-8.568,-34.828,36,20.19,45,14567.3,PEDRA,18,140779,Rhizoprionodon porosus,90.5,77,3535,,
11/30/2022,11,PRIMAVERA,PERNAMBUCO,,,-8.784,-34.996,27,11.19,45,10595.76,CASCALHO,13,25424,Scomberomorus brasiliensis,58,50,885,,
11/30/2022,11,PRIMAVERA,PERNAMBUCO,,,-8.784,-34.996,27,11.19,45,10595.76,CASCALHO,13,25424,Rhizoprionodon porosus,73.6,60,1230,,
12/2/2022,12,VERÃO,PERNAMBUCO,,,-8.936,-35.024,32,14.5,45,17773.5,CASCALHO,21,131581,Rhizoprionodon porosus,80.5,67,2030,,
12/2/2022,12,VERÃO,PERNAMBUCO,,,-8.936,-35.024,32,14.5,45,17773.5,CASCALHO,21,131581,Rhizoprionodon porosus,80,70,2850,,
12/2/2022,12,VERÃO,PERNAMBUCO,,,-8.936,-35.024,32,14.5,45,17773.5,CASCALHO,21,131581,Rhizoprionodon porosus,70.5,58,1430,,
12/2/2022,12,VERÃO,PERNAMBUCO,,,-8.936,-35.024,32,14.5,45,17773.5,CASCALHO,21,131581,Rhizoprionodon porosus,76.5,61,2000,,
12/2/2022,12,VERÃO,PERNAMBUCO,,,-8.936,-35.024,32,14.5,45,17773.5,CASCALHO,21,131581,Rhizoprionodon porosus,79,65,2310,,
12/2/2022,12,VERÃO,PERNAMBUCO,,,-8.936,-35.024,32,14.5,45,17773.5,CASCALHO,21,131581,Rhizoprionodon porosus,68,54,1210,,
12/2/2022,12,VERÃO,PERNAMBUCO,,,-8.936,-35.024,32,14.5,45,17773.5,CASCALHO,21,131581,Rhizoprionodon porosus,90,73,3100,,
12/2/2022,12,VERÃO,PERNAMBUCO,,,-8.936,-35.024,32,14.5,45,17773.5,CASCALHO,21,131581,Rhizoprionodon porosus,84,71,2640,,
12/2/2022,12,VERÃO,PERNAMBUCO,,,-8.936,-35.024,32,14.5,45,17773.5,CASCALHO,21,131581,Rhizoprionodon porosus,74,60,1840,,
12/2/2022,12,VERÃO,PERNAMBUCO,,,-8.936,-35.024,32,14.5,45,17773.5,CASCALHO,21,131581,Rhizoprionodon porosus,85.5,70.5,2570,,
12/2/2022,12,VERÃO,PERNAMBUCO,,,-8.936,-35.024,32,14.5,45,17773.5,CASCALHO,21,131581,Rhizoprionodon porosus,76,62,1940,,
12/2/2022,12,VERÃO,PERNAMBUCO,,,-8.936,-35.024,32,14.5,45,17773.5,CASCALHO,21,131581,Rhizoprionodon porosus,75,64,2445,,
12/2/2022,12,VERÃO,PERNAMBUCO,,,-8.936,-35.024,32,14.5,45,17773.5,CASCALHO,21,131581,Rhizoprionodon porosus,67,54,1250,,
12/2/2022,12,VERÃO,PERNAMBUCO,,,-8.936,-35.024,32,14.5,45,17773.5,CASCALHO,21,131581,Rhizoprionodon porosus,78,64,2000,,
12/2/2022,12,VERÃO,PERNAMBUCO,,,-8.936,-35.024,32,14.5,45,17773.5,CASCALHO,21,131581,Rhizoprionodon porosus,75.5,70.5,1935,,
12/2/2022,12,VERÃO,PERNAMBUCO,,,-8.936,-35.024,32,14.5,45,17773.5,CASCALHO,21,131581,Rhizoprionodon porosus,70,58.5,1350,,
12/2/2022,12,VERÃO,PERNAMBUCO,,,-8.936,-35.024,32,14.5,45,17773.5,CASCALHO,21,131581,Rhizoprionodon porosus,86,73.5,2940,,
12/2/2022,12,VERÃO,PERNAMBUCO,,,-8.936,-35.024,32,14.5,45,17773.5,CASCALHO,21,131581,Rhizoprionodon porosus,71.5,57.5,1400,,
12/2/2022,12,VERÃO,PERNAMBUCO,,,-8.936,-35.024,32,14.5,45,17773.5,CASCALHO,21,131581,Rhizoprionodon porosus,72.5,58,1480,,
12/2/2022,12,VERÃO,PERNAMBUCO,,,-8.936,-35.024,32,14.5,45,17773.5,CASCALHO,21,131581,Rhizoprionodon porosus,74,60.5,2000,,
12/3/2022,12,VERÃO,PERNAMBUCO,,,-8.913,-35.108,19,8.25,45,11328.8,LAMA,10,18840,Scomberomorus brasiliensis,51.5,45,750,,
12/3/2022,12,VERÃO,PERNAMBUCO,,,-8.913,-35.108,19,8.25,45,11328.8,LAMA,10,18840,Rhizoprionodon porosus,59,,770,,
12/3/2022,12,VERÃO,PERNAMBUCO,,,-8.913,-35.108,19,8.25,45,11328.8,LAMA,10,18840,Scomberomorus brasiliensis,68,52,1550,,
